ApplicationID,JobSeekerID,JobID
1,296,542
2,640,697
3,779,331
4,818,621
5,3,938
6,694,368
7,889,597
8,246,978
9,912,38
10,946,819
11,784,638
12,420,461
13,934,710
14,733,853
15,702,632
16,368,238
17,556,204
18,200,636
19,50,442
20,224,920
21,475,193
22,210,228
23,743,889
24,247,330
25,219,549
26,235,398
27,464,788
28,589,239
29,753,20
30,229,120
31,314,986
32,600,852
33,970,950
34,945,719
35,110,676
36,12,382
37,991,754
38,665,99
39,604,371
40,256,306
41,494,760
42,90,916
43,973,377
44,628,265
45,912,786
46,31,300
47,677,947
48,843,897
49,268,651
50,283,843
51,102,331
52,218,583
53,614,364
54,772,732
55,407,140
56,7,996
57,200,175
58,819,563
59,96,826
60,580,496
61,933,471
62,226,63
63,204,458
64,525,601
65,611,594
66,524,493
67,192,994
68,721,481
69,49,979
70,565,517
71,137,276
72,895,937
73,250,956
74,85,93
75,493,293
76,419,332
77,629,314
78,571,649
79,817,303
80,53,849
81,624,226
82,823,662
83,866,12
84,241,423
85,542,589
86,816,717
87,90,542
88,297,117
89,99,103
90,945,922
91,429,998
92,295,475
93,926,500
94,50,993
95,970,829
96,305,749
97,449,402
98,483,744
99,465,209
100,576,774
101,441,638
102,987,531
103,224,543
104,134,149
105,231,802
106,880,175
107,386,423
108,393,477
109,855,354
110,196,151
111,705,107
112,138,908
113,454,938
114,753,799
115,191,56
116,781,449
117,128,907
118,11,817
119,707,816
120,1,11
121,938,953
122,219,526
123,996,122
124,357,641
125,257,919
126,657,907
127,180,529
128,929,113
129,182,60
130,320,398
131,628,177
132,652,378
133,521,399
134,244,512
135,455,320
136,58,705
137,793,73
138,544,752
139,742,1000
140,223,370
141,884,615
142,201,137
143,677,577
144,826,535
145,623,257
146,438,935
147,238,360
148,53,594
149,662,983
150,858,619
151,759,349
152,255,914
153,221,44
154,273,802
155,30,836
156,963,392
157,350,191
158,369,935
159,660,501
160,408,862
161,492,567
162,627,510
163,657,858
164,436,427
165,866,79
166,102,880
167,292,752
168,426,5
169,316,18
170,344,640
171,349,356
172,642,544
173,285,97
174,75,216
175,416,812
176,968,773
177,379,652
178,837,327
179,773,805
180,298,273
181,678,495
182,454,628
183,41,173
184,676,295
185,865,268
186,120,669
187,895,307
188,781,124
189,180,887
190,86,480
191,306,681
192,218,612
193,418,607
194,429,725
195,173,759
196,16,54
197,393,247
198,879,539
199,544,639
200,998,409
201,890,708
202,132,394
203,453,783
204,774,786
205,440,341
206,877,599
207,282,137
208,991,600
209,36,512
210,593,638
211,213,334
212,255,541
213,966,80
214,506,415
215,494,190
216,930,833
217,423,45
218,693,842
219,363,631
220,246,989
221,614,356
222,171,369
223,155,536
224,70,445
225,446,988
226,42,825
227,671,80
228,770,907
229,709,297
230,265,147
231,113,93
232,348,376
233,350,35
234,641,16
235,595,757
236,297,232
237,75,155
238,783,346
239,755,302
240,766,944
241,572,221
242,864,46
243,911,468
244,949,585
245,850,920
246,972,857
247,934,132
248,323,643
249,735,495
250,979,605
251,892,264
252,588,401
253,678,704
254,419,277
255,329,567
256,515,665
257,798,297
258,2,886
259,214,733
260,117,106
261,692,250
262,781,830
263,495,412
264,991,444
265,197,85
266,216,300
267,472,266
268,669,341
269,317,860
270,260,499
271,638,578
272,84,922
273,184,420
274,169,957
275,294,762
276,69,393
277,295,461
278,429,290
279,881,3
280,253,970
281,26,85
282,340,551
283,477,210
284,729,659
285,89,86
286,288,772
287,843,132
288,707,540
289,730,250
290,344,338
291,673,5
292,574,994
293,626,782
294,418,98
295,524,397
296,722,107
297,865,639
298,359,433
299,322,629
300,572,7
301,198,774
302,905,84
303,311,336
304,5,741
305,296,883
306,787,549
307,193,900
308,553,206
309,918,50
310,14,333
311,58,118
312,922,43
313,750,853
314,344,501
315,521,961
316,729,361
317,623,570
318,998,916
319,290,795
320,601,649
321,854,671
322,424,100
323,535,469
324,864,900
325,112,964
326,441,930
327,228,636
328,621,551
329,934,532
330,92,44
331,926,935
332,581,571
333,146,129
334,321,617
335,530,320
336,912,20
337,47,31
338,497,110
339,443,76
340,466,741
341,644,38
342,581,595
343,693,873
344,37,730
345,488,109
346,997,13
347,561,955
348,893,161
349,201,928
350,545,395
351,280,339
352,787,451
353,725,239
354,706,952
355,61,758
356,42,272
357,469,157
358,26,316
359,370,945
360,536,817
361,532,107
362,351,654
363,855,793
364,48,304
365,700,503
366,459,268
367,833,720
368,13,832
369,263,312
370,98,619
371,806,597
372,774,203
373,965,971
374,240,899
375,645,341
376,469,637
377,635,909
378,334,444
379,124,891
380,654,814
381,31,523
382,132,494
383,686,671
384,660,564
385,259,753
386,104,153
387,115,916
388,148,930
389,251,289
390,256,286
391,260,611
392,473,384
393,642,277
394,897,781
395,168,35
396,194,569
397,407,970
398,824,587
399,961,994
400,175,152
401,653,175
402,44,856
403,391,490
404,418,66
405,660,559
406,774,162
407,91,980
408,471,476
409,370,104
410,657,47
411,402,531
412,839,552
413,763,236
414,684,994
415,570,587
416,816,301
417,323,48
418,527,520
419,599,400
420,46,775
421,828,241
422,260,830
423,754,510
424,32,975
425,339,88
426,284,639
427,416,484
428,367,591
429,535,71
430,359,193
431,661,421
432,198,874
433,697,405
434,747,395
435,235,31
436,750,838
437,189,181
438,530,398
439,769,578
440,867,974
441,892,432
442,781,701
443,174,14
444,728,941
445,610,248
446,146,353
447,688,589
448,661,488
449,987,116
450,371,153
451,151,929
452,792,961
453,68,680
454,318,73
455,893,712
456,479,627
457,396,63
458,804,795
459,647,524
460,587,831
461,442,664
462,986,152
463,730,198
464,970,884
465,149,196
466,410,398
467,840,65
468,692,470
469,672,232
470,78,681
471,605,129
472,665,2
473,342,495
474,363,510
475,907,1
476,443,426
477,669,747
478,271,690
479,330,934
480,749,356
481,758,384
482,527,835
483,695,740
484,700,116
485,87,802
486,713,181
487,397,736
488,735,630
489,51,866
490,301,296
491,65,513
492,916,363
493,870,959
494,934,734
495,670,867
496,730,409
497,897,344
498,834,345
499,587,967
500,762,774
501,67,908
502,8,443
503,154,874
504,779,748
505,539,944
506,868,300
507,662,289
508,812,785
509,807,669
510,613,943
511,581,580
512,486,274
513,337,661
514,927,926
515,86,872
516,601,885
517,55,832
518,835,555
519,170,150
520,529,906
521,156,870
522,361,424
523,275,397
524,16,602
525,820,622
526,348,806
527,629,855
528,629,970
529,117,818
530,989,449
531,476,515
532,4,304
533,889,402
534,337,925
535,660,749
536,235,458
537,257,107
538,815,723
539,896,996
540,948,26
541,135,300
542,295,432
543,158,821
544,520,387
545,559,548
546,434,677
547,636,365
548,780,611
549,92,665
550,709,852
551,198,676
552,10,564
553,875,417
554,76,788
555,239,774
556,732,924
557,141,492
558,368,596
559,162,635
560,978,382
561,476,211
562,721,296
563,892,995
564,289,674
565,839,860
566,959,880
567,896,385
568,303,313
569,107,898
570,256,706
571,624,875
572,484,348
573,710,219
574,926,492
575,168,942
576,643,439
577,661,337
578,558,805
579,85,822
580,333,737
581,182,130
582,722,41
583,919,529
584,89,318
585,971,794
586,858,395
587,459,949
588,880,939
589,966,916
590,542,380
591,735,768
592,238,721
593,207,532
594,980,964
595,189,778
596,683,999
597,131,846
598,419,735
599,103,521
600,493,925
601,964,714
602,738,824
603,739,325
604,110,798
605,32,171
606,585,84
607,691,753
608,298,712
609,716,341
610,340,337
611,529,392
612,535,234
613,256,724
614,695,21
615,998,374
616,175,262
617,734,644
618,594,915
619,5,957
620,443,818
621,514,34
622,448,240
623,749,744
624,610,743
625,343,907
626,87,241
627,339,899
628,43,610
629,892,628
630,359,328
631,409,846
632,549,314
633,642,663
634,428,532
635,132,234
636,698,22
637,658,14
638,186,88
639,871,964
640,95,179
641,742,72
642,402,800
643,883,560
644,920,218
645,239,592
646,637,75
647,379,143
648,614,207
649,893,804
650,199,498
651,390,107
652,824,58
653,308,606
654,897,608
655,414,400
656,948,993
657,422,816
658,229,470
659,102,834
660,81,660
661,787,926
662,263,340
663,426,570
664,475,824
665,138,716
666,95,803
667,44,259
668,250,407
669,207,85
670,24,422
671,844,423
672,979,443
673,863,510
674,128,821
675,735,848
676,737,846
677,473,721
678,574,372
679,94,552
680,978,738
681,204,374
682,220,687
683,193,767
684,354,286
685,743,678
686,871,927
687,90,221
688,178,900
689,578,610
690,168,489
691,666,922
692,319,533
693,537,148
694,925,923
695,978,593
696,109,391
697,441,30
698,388,695
699,75,901
700,82,757
701,419,177
702,160,607
703,389,679
704,188,615
705,425,826
706,211,195
707,663,250
708,336,402
709,455,983
710,643,504
711,762,229
712,70,786
713,492,150
714,880,353
715,896,757
716,697,108
717,110,494
718,413,171
719,301,170
720,430,430
721,593,498
722,328,257
723,802,560
724,883,1000
725,678,371
726,999,333
727,395,325
728,913,861
729,985,274
730,318,462
731,208,554
732,202,729
733,780,954
734,961,271
735,619,256
736,862,479
737,607,847
738,255,789
739,787,728
740,723,966
741,590,918
742,12,956
743,91,478
744,242,659
745,759,168
746,56,82
747,86,886
748,498,209
749,853,873
750,289,269
751,626,376
752,330,783
753,620,839
754,452,323
755,476,381
756,449,711
757,190,976
758,493,159
759,974,878
760,630,336
761,252,716
762,594,141
763,783,934
764,972,833
765,953,740
766,503,61
767,765,874
768,208,378
769,232,888
770,621,471
771,77,520
772,268,165
773,409,562
774,546,547
775,868,44
776,917,580
777,529,76
778,183,329
779,334,925
780,99,858
781,289,269
782,101,482
783,968,32
784,589,850
785,685,693
786,740,806
787,2,512
788,769,719
789,350,237
790,487,936
791,98,775
792,128,231
793,253,233
794,664,352
795,648,229
796,384,273
797,750,728
798,764,397
799,642,705
800,35,114
801,60,571
802,114,587
803,112,226
804,864,190
805,672,289
806,726,928
807,533,307
808,700,735
809,862,958
810,617,741
811,624,918
812,604,436
813,672,985
814,848,641
815,102,297
816,116,653
817,985,218
818,629,789
819,196,598
820,693,172
821,5,841
822,837,684
823,9,666
824,362,40
825,775,660
826,24,171
827,201,613
828,894,960
829,351,401
830,489,731
831,435,740
832,937,716
833,439,465
834,744,580
835,828,502
836,758,164
837,248,584
838,639,571
839,742,278
840,801,126
841,729,642
842,799,776
843,334,377
844,916,945
845,936,345
846,309,85
847,426,267
848,201,512
849,781,386
850,542,849
851,197,138
852,61,300
853,695,132
854,900,656
855,515,513
856,528,848
857,545,268
858,127,186
859,245,831
860,782,398
861,705,821
862,625,2
863,503,530
864,919,562
865,963,46
866,275,178
867,69,290
868,489,111
869,315,881
870,153,733
871,106,404
872,475,275
873,295,131
874,623,386
875,504,476
876,123,704
877,150,71
878,578,771
879,708,644
880,613,520
881,864,850
882,235,94
883,101,178
884,628,848
885,149,625
886,284,938
887,697,617
888,909,443
889,388,127
890,714,333
891,836,70
892,636,144
893,757,419
894,467,34
895,353,229
896,464,979
897,73,570
898,209,910
899,58,927
900,627,527
901,49,156
902,238,800
903,502,285
904,461,99
905,202,115
906,817,976
907,859,794
908,165,770
909,934,397
910,516,36
911,211,453
912,286,729
913,391,758
914,637,636
915,456,856
916,210,129
917,987,385
918,363,204
919,1,725
920,129,823
921,468,998
922,533,442
923,978,814
924,388,286
925,317,190
926,424,710
927,786,75
928,729,720
929,131,756
930,402,699
931,226,552
932,517,360
933,641,385
934,374,659
935,355,340
936,645,100
937,847,647
938,305,756
939,661,179
940,496,601
941,270,245
942,164,143
943,918,83
944,18,988
945,717,645
946,551,929
947,107,679
948,450,475
949,472,723
950,29,513
951,512,710
952,515,919
953,670,799
954,745,178
955,733,132
956,432,504
957,622,748
958,675,786
959,106,373
960,692,243
961,479,392
962,509,330
963,334,772
964,684,344
965,360,332
966,31,181
967,28,919
968,426,679
969,234,788
970,977,405
971,252,303
972,188,111
973,988,189
974,268,240
975,533,138
976,645,127
977,173,869
978,943,460
979,130,395
980,766,90
981,155,857
982,240,693
983,403,893
984,548,463
985,781,220
986,918,269
987,4,545
988,343,747
989,746,505
990,752,651
991,308,804
992,955,786
993,815,854
994,592,83
995,506,817
996,366,404
997,16,644
998,162,105
999,972,642
1000,944,969
