JSInterviewID,JobSeekerID,JobID,InterviewDate,InterviewTime
1,1,108,2023-12-01,8:35
2,1,643,2023-12-09,10:03
3,1,602,2023-11-23,11:11
4,4,646,2023-12-08,11:48
5,5,151,2023-12-07,9:54
6,6,730,2023-12-01,10:47
7,7,931,2023-12-02,9:34
8,8,996,2023-11-22,13:12
9,9,46,2024-01-10,9:19
10,10,262,2023-12-17,14:29
11,11,629,2023-12-15,9:12
12,12,901,2023-12-01,14:32
13,13,25,2023-12-05,14:01
14,14,192,2023-12-24,13:48
15,15,295,2023-12-15,15:21
16,16,632,2024-01-05,13:10
17,17,142,2023-12-24,11:19
18,18,382,2023-11-23,9:48
19,19,642,2023-11-21,8:17
20,20,829,2023-11-30,11:36
21,21,332,2023-11-25,13:55
22,22,436,2023-12-27,12:32
23,23,743,2023-12-03,11:39
24,24,40,2023-11-30,8:17
25,25,858,2023-12-01,13:32
26,26,946,2023-12-12,13:56
27,27,225,2023-11-28,8:19
28,28,380,2023-12-10,13:15
29,29,445,2023-11-25,14:30
30,30,242,2023-12-07,10:27
31,31,412,2023-12-01,10:21
32,32,919,2023-12-18,13:56
33,33,141,2023-12-24,13:58
34,34,249,2023-12-30,8:34
35,35,932,2023-12-31,12:56
36,36,275,2023-12-06,9:41
37,37,183,2023-12-22,8:22
38,38,330,2023-12-17,11:30
39,39,750,2023-12-08,13:52
40,40,233,2024-01-01,9:24
41,41,130,2024-01-08,12:33
42,42,895,2023-12-19,10:13
43,43,719,2024-01-10,12:55
44,44,844,2023-12-20,9:20
45,45,272,2023-11-24,10:35
46,46,77,2024-01-08,12:30
47,47,704,2023-12-19,10:08
48,48,176,2023-12-27,12:14
49,49,549,2023-12-10,15:28
50,50,615,2023-12-04,13:14
51,51,738,2023-12-11,11:44
52,52,793,2023-11-20,9:46
53,53,342,2023-12-14,16:11
54,54,728,2023-12-24,10:11
55,55,588,2023-11-20,14:54
56,56,915,2023-12-06,14:41
57,57,2,2023-12-04,9:46
58,58,38,2023-12-29,14:09
59,59,964,2023-12-29,12:58
60,60,489,2023-12-06,13:18
61,61,563,2023-12-29,10:32
62,62,313,2023-11-28,13:09
63,63,603,2024-01-01,11:10
64,64,894,2023-12-28,9:28
65,65,846,2023-12-19,9:52
66,66,446,2023-12-29,16:00
67,67,503,2024-01-10,10:24
68,68,817,2024-01-07,8:55
69,69,808,2023-11-21,14:55
70,70,762,2023-12-14,8:41
71,71,778,2024-01-08,12:38
72,72,102,2023-12-07,11:22
73,73,206,2023-12-17,14:53
74,74,469,2024-01-07,8:54
75,75,114,2023-12-17,15:57
76,76,136,2023-12-11,9:44
77,77,158,2023-12-27,9:57
78,78,668,2023-12-03,10:12
79,79,540,2024-01-04,14:45
80,80,938,2023-12-07,15:02
81,81,435,2023-11-25,8:25
82,82,406,2023-12-04,10:12
83,83,819,2024-01-02,15:21
84,84,990,2023-12-05,12:44
85,85,452,2023-12-17,8:58
86,86,836,2023-11-22,9:50
87,87,306,2024-01-02,14:52
88,88,143,2024-01-05,13:40
89,89,482,2023-12-05,16:10
90,90,635,2023-12-19,12:41
91,91,560,2023-12-26,9:25
92,92,729,2024-01-05,14:11
93,93,764,2024-01-08,10:49
94,94,612,2023-11-21,10:19
95,95,644,2023-12-20,15:12
96,96,18,2023-11-22,12:40
97,97,42,2023-12-10,12:35
98,98,731,2023-12-31,14:21
99,99,310,2024-01-05,9:10
100,100,640,2024-01-08,9:20
101,101,733,2024-01-07,13:50
102,102,873,2023-11-29,10:44
103,103,45,2023-12-06,16:08
104,104,605,2023-12-07,10:55
105,105,96,2023-12-28,13:40
106,106,465,2024-01-09,10:44
107,107,377,2023-12-03,8:56
108,108,941,2023-12-19,14:52
109,109,502,2023-12-08,14:49
110,110,597,2023-12-31,10:52
111,111,369,2024-01-08,11:27
112,112,455,2023-12-22,8:25
113,113,604,2023-12-25,15:57
114,114,987,2023-11-28,10:32
115,115,984,2023-12-14,14:07
116,116,107,2023-12-09,9:21
117,117,980,2024-01-02,9:14
118,118,458,2023-12-28,14:43
119,119,757,2023-11-22,13:19
120,120,630,2024-01-07,11:53
121,121,529,2024-01-03,10:15
122,122,870,2023-12-30,9:17
123,123,294,2023-12-22,13:51
124,124,170,2024-01-08,12:38
125,125,897,2024-01-02,9:15
126,126,577,2023-12-14,16:04
127,127,756,2023-12-02,13:50
128,128,22,2023-12-08,15:36
129,129,599,2023-11-29,14:04
130,130,401,2023-12-22,9:05
131,131,695,2023-11-27,11:17
132,132,905,2023-11-24,8:57
133,133,349,2023-12-06,10:24
134,134,307,2023-11-23,8:16
135,135,812,2023-12-08,10:11
136,136,88,2023-12-23,15:45
137,137,367,2024-01-05,16:14
138,138,9,2023-12-08,10:08
139,139,982,2023-11-27,10:35
140,140,33,2023-11-26,12:03
141,141,75,2023-12-19,11:59
142,142,666,2023-11-21,8:25
143,143,472,2024-01-08,8:43
144,144,186,2023-12-23,9:08
145,145,534,2023-12-01,14:07
146,146,832,2023-12-06,16:06
147,147,866,2023-12-16,8:31
148,148,927,2023-12-06,13:50
149,149,860,2023-12-23,9:44
150,150,442,2023-12-29,14:29
151,151,81,2024-01-05,9:51
152,152,416,2023-12-12,13:18
153,153,869,2023-12-27,9:12
154,154,847,2023-11-23,15:34
155,155,608,2024-01-07,11:53
156,156,787,2023-12-09,14:42
157,157,291,2023-11-29,13:46
158,158,677,2023-11-20,9:40
159,159,374,2023-11-28,11:37
160,160,471,2023-12-28,12:36
161,161,649,2024-01-09,10:37
162,162,137,2023-11-26,12:51
163,163,509,2023-12-30,11:05
164,164,828,2024-01-02,8:43
165,165,942,2023-11-29,15:15
166,166,626,2023-11-25,8:41
167,167,784,2024-01-01,14:49
168,168,796,2023-11-28,11:24
169,169,627,2024-01-09,8:26
170,170,245,2023-11-23,11:46
171,171,551,2023-12-21,8:54
172,172,734,2024-01-06,12:12
173,173,336,2023-12-02,13:14
174,174,473,2023-12-03,8:20
175,175,708,2023-11-24,8:41
176,176,872,2023-12-09,12:50
177,177,477,2023-12-01,11:09
178,178,862,2024-01-08,11:28
179,179,440,2023-11-27,14:37
180,180,478,2023-12-10,8:31
181,181,761,2023-12-22,13:57
182,182,765,2024-01-09,13:17
183,183,165,2023-12-08,13:38
184,184,338,2023-12-27,15:19
185,185,122,2023-12-15,13:06
186,186,351,2023-12-10,9:34
187,187,669,2023-12-03,9:50
188,188,149,2023-12-17,14:13
189,189,172,2023-11-28,11:01
190,190,558,2023-12-13,14:27
191,191,820,2023-11-27,15:29
192,192,476,2023-11-30,12:27
193,193,238,2023-12-31,10:37
194,194,125,2023-11-26,11:19
195,195,327,2023-12-27,16:05
196,196,311,2023-12-19,10:04
197,197,637,2023-12-12,8:49
198,198,711,2023-12-25,14:00
199,199,3,2024-01-09,14:55
200,200,257,2023-12-27,12:58
201,201,786,2023-11-24,15:44
202,202,899,2023-12-04,15:06
203,203,511,2023-12-12,9:02
204,204,566,2024-01-06,12:37
205,205,160,2023-12-09,15:47
206,206,920,2024-01-04,9:18
207,207,155,2023-11-21,9:22
208,208,246,2023-12-17,15:02
209,209,299,2024-01-04,16:14
210,210,735,2023-12-09,12:23
211,211,356,2023-12-22,12:12
212,212,35,2023-12-22,16:13
213,213,99,2023-11-24,9:53
214,214,886,2023-12-19,11:57
215,215,429,2023-12-15,11:19
216,216,792,2023-12-16,12:38
217,217,174,2023-11-29,15:53
218,218,131,2023-12-19,15:07
219,219,381,2023-12-09,12:11
220,220,923,2024-01-03,8:32
221,221,5,2024-01-07,14:56
222,222,790,2024-01-10,8:17
223,223,939,2023-12-19,11:12
224,224,194,2023-11-25,9:48
225,225,732,2023-12-19,11:36
226,226,6,2023-12-27,13:26
227,227,199,2023-12-29,9:18
228,228,809,2024-01-02,13:43
229,229,258,2023-12-01,8:56
230,230,372,2023-12-15,12:57
231,231,682,2023-12-12,8:18
232,232,515,2023-12-02,13:43
233,233,30,2023-12-01,9:47
234,234,70,2023-12-17,9:45
235,235,855,2023-12-29,14:24
236,236,254,2024-01-07,11:45
237,237,671,2023-11-25,9:20
238,238,126,2023-12-31,13:54
239,239,309,2024-01-09,13:36
240,240,810,2023-11-30,15:17
241,241,861,2024-01-02,12:31
242,242,52,2023-12-06,8:19
243,243,66,2024-01-05,15:40
244,244,259,2023-11-23,14:34
245,245,882,2024-01-05,15:34
246,246,373,2023-12-22,14:01
247,247,138,2023-11-24,10:45
248,248,542,2023-11-30,9:43
249,249,248,2023-12-07,10:07
250,250,797,2023-12-21,12:46
251,251,497,2023-12-22,11:42
252,252,321,2023-12-04,13:39
253,253,298,2024-01-07,14:46
254,254,636,2023-12-16,9:26
255,255,145,2023-12-11,13:49
256,256,935,2023-11-30,12:08
257,257,344,2023-12-03,8:45
258,258,951,2023-11-27,9:14
259,259,235,2023-12-09,11:30
260,260,399,2023-12-15,13:19
261,261,200,2023-12-02,13:18
262,262,853,2023-12-23,9:53
263,263,616,2023-11-20,15:42
264,264,967,2023-12-10,13:06
265,265,432,2023-12-03,14:53
266,266,611,2023-11-29,9:29
267,267,514,2023-12-29,13:55
268,268,430,2024-01-04,16:14
269,269,662,2023-12-13,12:27
270,270,86,2024-01-10,10:21
271,271,271,2023-12-29,13:47
272,272,664,2024-01-04,14:06
273,273,217,2023-12-20,8:31
274,274,423,2023-12-03,12:45
275,275,648,2023-12-21,11:39
276,276,289,2023-12-22,11:48
277,277,943,2023-12-23,9:14
278,278,270,2024-01-08,9:43
279,279,414,2024-01-05,14:26
280,280,801,2023-12-21,11:34
281,281,818,2023-12-29,13:24
282,282,871,2023-12-11,14:45
283,283,32,2024-01-08,8:17
284,284,926,2024-01-07,13:00
285,285,747,2023-11-27,12:04
286,286,285,2023-12-26,16:13
287,287,955,2023-12-02,15:16
288,288,907,2023-11-25,10:26
289,289,128,2023-12-29,14:06
290,290,112,2023-12-11,10:32
291,291,273,2024-01-09,9:46
292,292,433,2023-11-23,15:49
293,293,557,2024-01-04,13:27
294,294,696,2024-01-07,16:00
295,295,68,2023-12-19,15:16
296,296,292,2024-01-07,11:30
297,297,483,2023-12-27,11:48
298,298,815,2023-11-23,15:37
299,299,881,2023-12-03,12:37
300,300,721,2023-12-12,11:01
301,301,766,2023-11-20,16:13
302,302,169,2023-11-21,12:16
303,303,701,2023-12-16,9:09
304,304,266,2024-01-04,10:47
305,305,261,2024-01-07,11:11
306,306,481,2024-01-05,11:28
307,307,179,2023-12-23,11:29
308,308,379,2023-11-20,12:32
309,309,459,2024-01-01,14:33
310,310,562,2023-12-18,15:07
311,311,880,2023-12-30,13:21
312,312,188,2023-12-28,10:06
313,313,903,2023-12-09,12:39
314,314,162,2023-12-31,11:59
315,315,776,2023-12-04,10:29
316,316,287,2024-01-05,15:15
317,317,74,2023-12-30,13:10
318,318,578,2024-01-08,14:28
319,319,541,2023-11-27,11:23
320,320,113,2023-11-21,12:40
321,321,842,2024-01-03,9:08
322,322,657,2024-01-01,10:53
323,323,4,2023-12-31,8:55
324,324,607,2023-12-06,16:07
325,325,885,2023-12-26,11:59
326,326,641,2024-01-05,8:21
327,327,216,2023-12-08,13:29
328,328,97,2023-12-04,12:42
329,329,864,2024-01-07,15:23
330,330,431,2023-12-07,8:47
331,331,150,2023-11-29,9:54
332,332,420,2023-12-02,16:06
333,333,661,2023-11-30,16:01
334,334,316,2024-01-01,8:42
335,335,884,2023-11-24,15:19
336,336,134,2023-12-17,13:11
337,337,394,2023-11-20,10:01
338,338,378,2023-12-05,14:30
339,339,609,2023-11-26,13:57
340,340,236,2023-12-08,11:06
341,341,535,2023-12-31,16:02
342,342,491,2023-12-09,9:50
343,343,703,2024-01-06,11:05
344,344,201,2023-12-28,15:51
345,345,979,2023-11-30,10:36
346,346,123,2024-01-04,13:22
347,347,580,2024-01-01,11:41
348,348,934,2023-12-12,8:36
349,349,856,2023-11-20,13:10
350,350,253,2023-11-23,11:28
351,351,699,2023-12-07,14:04
352,352,202,2023-11-24,8:16
353,353,411,2023-12-26,13:37
354,354,676,2023-12-26,15:26
355,355,466,2023-12-08,15:45
356,356,524,2023-12-11,9:19
357,357,44,2023-11-27,15:29
358,358,178,2024-01-02,12:52
359,359,224,2023-12-08,14:03
360,360,282,2023-12-15,12:58
361,361,363,2023-12-18,9:39
362,362,918,2023-12-23,14:14
363,363,427,2024-01-01,12:09
364,364,499,2024-01-09,14:11
365,365,570,2024-01-09,13:32
366,366,877,2023-12-05,8:53
367,367,906,2023-12-14,15:46
368,368,960,2023-12-03,9:29
369,369,205,2023-12-14,10:28
370,370,516,2023-12-16,15:27
371,371,250,2023-12-23,12:00
372,372,720,2024-01-01,11:54
373,373,358,2023-12-09,12:19
374,374,795,2024-01-01,10:25
375,375,324,2023-12-28,9:33
376,376,396,2023-12-05,14:19
377,377,302,2024-01-02,8:56
378,378,64,2023-12-22,14:55
379,379,660,2023-12-20,13:38
380,380,976,2023-12-07,8:25
381,381,83,2023-12-22,11:15
382,382,585,2023-12-13,15:25
383,383,353,2023-12-09,10:04
384,384,443,2023-11-23,12:30
385,385,837,2023-12-16,15:38
386,386,177,2024-01-04,12:01
387,387,220,2023-11-24,8:37
388,388,888,2023-12-19,14:37
389,389,441,2023-11-29,15:39
390,390,214,2023-11-29,13:10
391,391,325,2023-12-28,11:25
392,392,390,2024-01-07,10:29
393,393,744,2023-12-04,9:34
394,394,954,2023-12-05,12:57
395,395,714,2023-12-20,14:40
396,396,119,2023-12-22,11:50
397,397,736,2023-12-04,8:23
398,398,1000,2023-12-09,12:58
399,399,55,2023-11-30,11:17
400,400,826,2023-12-11,14:08
401,401,28,2024-01-08,16:09
402,402,972,2023-12-31,15:43
403,403,821,2023-12-21,12:27
404,404,835,2023-12-07,12:03
405,405,79,2024-01-04,13:26
406,406,10,2023-11-27,13:08
407,407,428,2023-12-07,14:11
408,408,707,2023-12-08,15:56
409,409,286,2024-01-04,14:17
410,410,583,2023-12-01,13:30
411,411,312,2023-12-06,8:58
412,412,513,2023-12-31,13:13
413,413,633,2024-01-09,8:29
414,414,751,2023-12-11,12:22
415,415,950,2023-12-16,11:25
416,416,317,2024-01-08,10:54
417,417,362,2023-11-28,13:54
418,418,546,2023-12-16,8:40
419,419,785,2023-12-11,15:57
420,420,403,2024-01-08,9:51
421,421,65,2023-12-15,13:58
422,422,759,2023-11-23,8:18
423,423,91,2023-12-30,10:20
424,424,724,2024-01-06,10:03
425,425,167,2023-12-29,10:15
426,426,741,2023-12-30,13:09
427,427,331,2024-01-03,13:23
428,428,53,2024-01-08,9:21
429,429,103,2023-11-22,9:40
430,430,974,2023-12-30,12:50
431,431,712,2023-12-25,15:16
432,432,940,2023-11-22,12:43
433,433,619,2023-12-31,14:23
434,434,59,2023-12-03,14:29
435,435,675,2023-12-26,15:20
436,436,634,2023-12-06,11:03
437,437,198,2024-01-08,10:00
438,438,552,2023-12-07,12:26
439,439,718,2023-11-23,15:40
440,440,226,2023-12-04,16:05
441,441,991,2023-12-03,13:36
442,442,27,2024-01-10,15:04
443,443,843,2023-12-05,8:17
444,444,705,2023-12-12,10:13
445,445,288,2024-01-08,10:53
446,446,244,2024-01-06,8:19
447,447,320,2023-12-10,15:34
448,448,579,2023-11-25,11:41
449,449,621,2023-11-20,9:56
450,450,193,2023-11-22,15:35
451,451,419,2023-12-13,10:13
452,452,565,2024-01-03,11:20
453,453,822,2023-12-13,14:34
454,454,850,2023-12-02,9:39
455,455,20,2024-01-10,10:23
456,456,536,2023-12-28,11:47
457,457,902,2023-12-05,10:05
458,458,494,2023-11-29,12:25
459,459,748,2023-12-24,12:30
460,460,210,2023-11-29,10:49
461,461,447,2024-01-01,12:17
462,462,737,2023-12-16,14:08
463,463,694,2023-11-24,10:58
464,464,26,2023-11-30,11:33
465,465,159,2023-12-24,14:06
466,466,409,2023-12-15,14:42
467,467,840,2024-01-09,11:56
468,468,876,2023-12-19,15:37
469,469,322,2023-12-19,11:18
470,470,153,2023-12-16,8:58
471,471,910,2024-01-10,12:41
472,472,422,2023-12-01,13:01
473,473,900,2024-01-04,11:03
474,474,415,2024-01-09,15:15
475,475,437,2024-01-06,15:19
476,476,889,2024-01-02,13:32
477,477,569,2023-12-08,14:11
478,478,713,2023-11-23,12:25
479,479,771,2023-11-22,15:46
480,480,554,2023-11-30,9:48
481,481,495,2023-12-28,13:30
482,482,354,2023-12-18,16:02
483,483,775,2024-01-10,11:42
484,484,568,2024-01-07,14:18
485,485,207,2023-12-29,13:17
486,486,592,2023-12-27,9:58
487,487,971,2023-12-26,11:19
488,488,824,2024-01-07,12:07
489,489,94,2023-12-08,15:56
490,490,191,2023-12-02,12:47
491,491,912,2023-12-10,10:03
492,492,693,2023-12-31,11:44
493,493,237,2023-12-31,14:39
494,494,590,2023-11-29,15:06
495,495,359,2023-12-05,8:57
496,496,267,2023-11-27,13:35
497,497,61,2023-12-01,9:35
498,498,260,2023-12-16,11:21
499,499,7,2024-01-02,9:26
500,500,567,2023-12-25,13:34
501,501,823,2023-12-08,12:00
502,502,296,2023-12-25,9:27
503,503,591,2024-01-05,13:20
504,504,105,2024-01-08,13:25
505,505,241,2023-11-22,12:21
506,506,243,2023-12-01,9:31
507,507,284,2023-11-22,9:31
508,508,710,2023-12-29,15:36
509,509,689,2023-11-21,9:17
510,510,488,2024-01-05,11:43
511,511,547,2023-12-20,14:49
512,512,647,2023-12-14,11:58
513,513,679,2023-12-09,14:09
514,514,794,2023-12-28,9:18
515,515,753,2023-12-23,14:30
516,516,333,2023-12-10,11:55
517,517,376,2024-01-10,11:52
518,518,304,2023-12-30,11:58
519,519,56,2023-12-31,8:58
520,520,279,2023-11-23,10:35
521,521,723,2023-12-04,15:38
522,522,628,2023-12-23,15:13
523,523,400,2023-12-06,15:44
524,524,617,2023-12-23,9:46
525,525,670,2023-12-15,15:35
526,526,779,2024-01-01,8:24
527,527,725,2023-11-30,13:18
528,528,383,2023-12-10,14:16
529,529,680,2023-11-21,9:35
530,530,345,2023-12-28,10:29
531,531,656,2023-12-21,10:08
532,532,845,2023-12-16,13:33
533,533,715,2023-12-27,11:50
534,534,887,2023-12-17,15:29
535,535,746,2023-12-09,14:14
536,536,510,2023-11-26,15:11
537,537,197,2023-12-05,16:13
538,538,530,2023-11-22,8:17
539,539,600,2023-12-28,12:38
540,540,576,2023-11-30,12:58
541,541,610,2023-12-22,10:00
542,542,467,2024-01-05,8:39
543,543,716,2023-12-12,10:52
544,544,456,2024-01-08,15:48
545,545,239,2023-12-25,9:23
546,546,438,2023-12-27,15:06
547,547,92,2024-01-09,9:26
548,548,944,2023-12-16,15:46
549,549,144,2024-01-06,9:00
550,550,663,2023-12-22,8:59
551,551,839,2024-01-03,12:32
552,552,154,2023-12-30,12:37
553,553,127,2024-01-02,9:10
554,554,50,2023-12-14,9:28
555,555,360,2024-01-05,15:52
556,556,512,2023-12-28,9:49
557,557,543,2024-01-09,10:38
558,558,717,2023-12-06,12:31
559,559,370,2023-11-24,15:12
560,560,326,2023-11-23,16:01
561,561,444,2023-12-28,12:44
562,562,606,2023-12-18,11:25
563,563,468,2023-12-31,12:33
564,564,501,2023-12-23,12:04
565,565,673,2023-11-30,8:40
566,566,883,2023-12-11,14:09
567,567,962,2023-12-31,11:56
568,568,722,2023-12-05,12:49
569,569,928,2024-01-06,10:39
570,570,84,2023-12-09,15:47
571,571,211,2023-11-20,14:55
572,572,507,2023-11-22,11:27
573,573,234,2023-12-09,14:51
574,574,788,2023-12-27,9:19
575,575,789,2023-12-11,14:43
576,576,841,2023-11-22,8:40
577,577,315,2023-12-10,9:07
578,578,464,2023-12-29,10:38
579,579,564,2024-01-08,14:58
580,580,685,2023-12-23,15:46
581,581,171,2023-12-31,9:07
582,582,672,2024-01-08,9:08
583,583,998,2023-12-04,10:00
584,584,995,2024-01-10,15:44
585,585,181,2023-11-24,11:32
586,586,196,2023-11-28,10:43
587,587,62,2023-12-03,9:24
588,588,232,2023-12-31,13:08
589,589,48,2023-11-26,12:17
590,590,47,2023-11-25,15:45
591,591,303,2023-12-16,10:09
592,592,41,2023-11-30,10:11
593,593,582,2023-11-26,12:03
594,594,952,2023-12-14,9:30
595,595,448,2023-12-21,14:25
596,596,519,2023-12-09,14:48
597,597,350,2023-12-05,13:16
598,598,561,2023-11-21,13:21
599,599,526,2023-12-14,15:54
600,600,255,2023-12-02,14:47
601,601,838,2024-01-02,11:01
602,602,769,2023-12-07,10:14
603,603,992,2023-12-01,12:08
604,604,346,2023-12-26,9:03
605,605,937,2023-12-19,15:09
606,606,352,2023-12-03,11:34
607,607,426,2023-12-30,16:12
608,608,388,2023-11-25,13:41
609,609,470,2023-12-26,12:43
610,610,833,2023-11-27,13:03
611,611,148,2024-01-09,9:44
612,612,479,2023-12-01,8:45
613,613,782,2024-01-02,9:13
614,614,922,2023-11-30,15:54
615,615,638,2023-12-19,8:34
616,616,667,2023-12-29,13:22
617,617,13,2023-12-03,13:57
618,618,118,2023-12-20,13:16
619,619,189,2023-11-22,14:29
620,620,623,2023-12-31,11:56
621,621,652,2023-12-24,14:59
622,622,421,2023-12-15,12:37
623,623,347,2023-12-12,8:42
624,624,408,2023-12-27,8:30
625,625,854,2023-12-19,9:28
626,626,916,2023-12-13,15:16
627,627,17,2023-12-09,15:05
628,628,545,2023-12-08,11:45
629,629,252,2023-12-10,14:11
630,630,523,2023-12-25,15:04
631,631,758,2023-12-30,15:22
632,632,925,2023-11-23,10:02
633,633,614,2023-12-31,12:05
634,634,631,2023-12-29,9:32
635,635,308,2023-12-02,12:05
636,636,228,2023-11-25,10:22
637,637,319,2024-01-01,12:31
638,638,508,2023-12-06,15:33
639,639,933,2023-12-27,9:49
640,640,584,2023-12-23,9:38
641,641,490,2023-12-23,11:44
642,642,807,2023-12-11,14:00
643,643,63,2024-01-10,12:24
644,644,218,2023-12-24,10:12
645,645,767,2024-01-04,15:47
646,646,802,2023-12-15,9:23
647,647,863,2023-11-30,13:01
648,648,749,2024-01-04,10:27
649,649,264,2023-12-18,8:44
650,650,492,2023-12-22,9:58
651,651,989,2023-12-10,13:39
652,652,620,2023-12-18,10:35
653,653,263,2023-12-03,15:32
654,654,517,2023-12-03,15:17
655,655,175,2023-11-28,14:14
656,656,203,2024-01-08,15:20
657,657,278,2023-11-23,11:27
658,658,402,2023-12-28,12:51
659,659,930,2023-12-15,8:51
660,660,89,2023-12-27,15:29
661,661,208,2024-01-02,11:42
662,662,783,2024-01-03,9:53
663,663,222,2023-11-28,13:14
664,664,343,2023-12-31,12:39
665,665,256,2023-12-07,11:55
666,666,163,2023-11-25,12:32
667,667,140,2023-12-22,11:27
668,668,15,2023-11-28,13:54
669,669,82,2023-11-25,11:51
670,670,305,2023-12-04,8:52
671,671,357,2023-12-30,13:43
672,672,593,2024-01-02,9:58
673,673,339,2023-12-14,12:57
674,674,314,2023-12-03,13:48
675,675,424,2023-11-27,9:39
676,676,691,2023-12-25,15:13
677,677,168,2023-11-21,16:04
678,678,755,2023-11-25,13:06
679,679,745,2023-12-18,14:38
680,680,76,2023-12-10,8:48
681,681,240,2023-12-14,15:48
682,682,539,2023-11-24,8:30
683,683,58,2023-12-22,11:19
684,684,909,2023-12-21,16:12
685,685,740,2023-12-12,11:02
686,686,334,2023-12-08,9:40
687,687,506,2023-12-01,10:12
688,688,212,2023-12-15,8:20
689,689,23,2023-12-06,15:37
690,690,681,2023-12-16,12:35
691,691,215,2023-12-24,8:45
692,692,816,2023-12-05,14:33
693,693,274,2023-12-18,9:59
694,694,556,2024-01-04,15:39
695,695,596,2023-11-20,12:42
696,696,78,2024-01-02,16:11
697,697,221,2024-01-04,11:50
698,698,93,2023-11-24,10:15
699,699,968,2023-11-20,12:01
700,700,966,2023-12-22,10:11
701,701,34,2023-12-18,14:09
702,702,72,2023-12-31,12:53
703,703,404,2023-12-05,8:37
704,704,665,2023-12-12,13:02
705,705,106,2023-12-04,11:05
706,706,318,2023-11-25,11:10
707,707,361,2023-12-23,12:54
708,708,487,2023-12-08,14:01
709,709,726,2023-12-02,13:04
710,710,969,2023-12-21,8:26
711,711,104,2023-12-21,9:18
712,712,956,2023-12-19,9:50
713,713,280,2023-12-12,14:36
714,714,973,2023-12-15,11:29
715,715,156,2023-11-30,13:15
716,716,213,2023-12-27,10:42
717,717,521,2023-12-02,13:26
718,718,504,2024-01-04,8:46
719,719,281,2023-11-29,12:21
720,720,187,2023-12-24,9:41
721,721,961,2023-12-13,8:15
722,722,947,2024-01-10,10:22
723,723,133,2024-01-03,16:04
724,724,251,2023-12-17,11:01
725,725,574,2024-01-03,8:16
726,726,904,2023-12-12,9:33
727,727,391,2023-11-28,9:52
728,728,986,2023-12-06,12:38
729,729,67,2024-01-06,8:53
730,730,124,2023-11-29,16:02
731,731,908,2024-01-09,8:19
732,732,121,2024-01-10,13:59
733,733,371,2023-12-27,8:30
734,734,586,2023-12-05,11:22
735,735,537,2023-12-19,15:39
736,736,185,2023-12-20,15:03
737,737,527,2023-12-09,15:10
738,738,173,2023-11-30,9:44
739,739,963,2023-12-29,8:57
740,740,575,2024-01-01,8:21
741,741,875,2024-01-05,9:10
742,742,69,2024-01-07,13:09
743,743,386,2023-12-19,13:45
744,744,825,2023-12-01,15:41
745,745,754,2023-12-13,13:55
746,746,323,2023-12-15,15:43
747,747,727,2023-12-23,13:49
748,748,293,2023-12-28,15:25
749,749,460,2024-01-07,12:05
750,750,283,2023-11-23,8:39
751,751,166,2023-11-22,10:55
752,752,525,2023-12-27,9:59
753,753,777,2023-12-07,13:21
754,754,463,2024-01-10,12:37
755,755,337,2023-12-03,10:13
756,756,692,2023-12-14,11:59
757,757,999,2023-11-30,13:02
758,758,190,2023-12-05,14:34
759,759,674,2023-12-23,11:46
760,760,773,2023-12-22,12:00
761,761,329,2023-11-26,9:53
762,762,550,2023-11-22,15:18
763,763,978,2023-12-20,9:50
764,764,98,2023-11-30,14:14
765,765,12,2023-11-20,8:33
766,766,95,2024-01-07,14:51
767,767,301,2023-12-11,15:37
768,768,407,2023-11-22,14:56
769,769,709,2023-12-08,10:05
770,770,461,2023-12-28,9:37
771,771,8,2023-12-03,12:09
772,772,496,2023-11-25,10:08
773,773,60,2023-12-05,9:43
774,774,859,2024-01-02,15:52
775,775,223,2024-01-09,9:43
776,776,891,2023-12-16,9:37
777,777,474,2024-01-06,11:09
778,778,781,2023-12-02,13:41
779,779,100,2023-12-06,14:28
780,780,653,2023-12-15,12:45
781,781,959,2023-12-29,14:41
782,782,849,2023-12-14,9:25
783,783,366,2023-12-07,12:17
784,784,269,2023-12-04,8:40
785,785,780,2023-12-24,14:47
786,786,573,2023-11-25,12:01
787,787,227,2023-12-25,11:58
788,788,571,2023-12-31,13:03
789,789,182,2023-12-19,13:38
790,790,392,2024-01-05,8:21
791,791,417,2023-12-08,8:57
792,792,798,2023-12-23,9:01
793,793,896,2023-12-02,14:29
794,794,690,2023-11-25,14:26
795,795,395,2023-12-12,8:41
796,796,553,2023-12-12,14:45
797,797,911,2023-12-17,12:20
798,798,90,2023-12-23,15:17
799,799,655,2023-12-15,8:22
800,800,135,2024-01-03,14:36
801,801,831,2023-12-22,13:04
802,802,957,2023-12-15,9:58
803,803,43,2023-12-06,9:22
804,804,595,2024-01-08,13:18
805,805,297,2023-11-20,14:49
806,806,678,2023-11-30,9:43
807,807,852,2024-01-03,10:43
808,808,454,2024-01-10,8:28
809,809,981,2024-01-08,10:16
810,810,365,2023-12-09,11:38
811,811,109,2023-12-26,11:08
812,812,857,2023-11-22,12:12
813,813,814,2024-01-02,9:47
814,814,117,2024-01-09,11:32
815,815,830,2023-12-29,10:49
816,816,364,2023-12-26,11:27
817,817,659,2023-12-19,9:47
818,818,806,2024-01-02,12:12
819,819,277,2023-12-14,8:29
820,820,650,2023-11-29,9:12
821,821,867,2023-12-13,9:26
822,822,985,2024-01-10,13:48
823,823,548,2023-12-01,11:46
824,824,988,2024-01-06,14:18
825,825,335,2023-12-06,13:48
826,826,449,2023-12-13,15:47
827,827,868,2023-12-18,14:31
828,828,54,2024-01-04,11:36
829,829,994,2024-01-10,11:09
830,830,453,2024-01-07,13:20
831,831,31,2023-12-17,9:55
832,832,555,2023-12-03,10:21
833,833,24,2024-01-06,8:39
834,834,625,2023-11-22,11:39
835,835,702,2023-12-12,13:55
836,836,485,2023-12-07,10:36
837,837,19,2023-11-21,15:56
838,838,147,2023-12-13,11:39
839,839,805,2023-12-23,8:52
840,840,450,2024-01-03,12:58
841,841,531,2023-12-28,13:59
842,842,581,2024-01-09,9:14
843,843,87,2024-01-01,15:30
844,844,14,2023-12-16,11:18
845,845,348,2023-11-22,16:05
846,846,276,2024-01-07,15:05
847,847,874,2023-12-24,11:23
848,848,645,2023-12-06,11:31
849,849,965,2023-12-21,12:17
850,850,265,2023-11-21,14:00
851,851,219,2023-12-24,13:18
852,852,132,2023-12-17,9:32
853,853,129,2023-11-29,11:18
854,854,752,2023-11-22,16:05
855,855,532,2023-11-22,13:29
856,856,115,2023-11-26,15:12
857,857,328,2023-12-13,15:00
858,858,457,2023-12-09,8:27
859,859,230,2024-01-03,13:48
860,860,195,2024-01-10,13:16
861,861,341,2023-12-18,11:08
862,862,29,2023-12-07,14:04
863,863,101,2023-12-12,11:28
864,864,413,2024-01-03,12:48
865,865,893,2023-12-04,15:31
866,866,651,2023-12-28,10:23
867,867,803,2023-12-15,14:41
868,868,811,2024-01-07,15:54
869,869,827,2024-01-01,12:26
870,870,601,2024-01-03,13:00
871,871,387,2023-11-20,10:21
872,872,559,2023-11-23,8:39
873,873,146,2024-01-07,10:11
874,874,410,2023-12-23,12:30
875,875,51,2023-12-01,11:51
876,876,110,2024-01-02,11:20
877,877,958,2023-11-20,9:37
878,878,800,2024-01-05,10:03
879,879,385,2023-11-24,12:12
880,880,739,2023-12-17,9:59
881,881,613,2023-12-15,14:37
882,882,970,2023-12-20,9:29
883,883,116,2023-12-12,14:52
884,884,268,2024-01-10,14:02
885,885,700,2024-01-09,16:02
886,886,851,2023-12-06,14:54
887,887,589,2024-01-07,12:51
888,888,791,2023-11-21,16:05
889,889,654,2023-12-31,13:29
890,890,977,2023-11-21,15:56
891,891,231,2023-12-27,15:08
892,892,993,2023-12-21,11:50
893,893,538,2023-11-27,13:57
894,894,434,2023-12-01,12:05
895,895,618,2023-11-26,14:17
896,896,760,2023-11-25,12:17
897,897,493,2023-12-30,11:54
898,898,389,2023-11-24,9:59
899,899,921,2023-12-18,12:29
900,900,505,2023-11-30,15:28
901,901,85,2023-12-28,10:05
902,902,57,2023-11-23,12:52
903,903,890,2023-12-26,14:44
904,904,639,2023-12-14,10:00
905,905,879,2023-12-25,15:38
906,906,398,2023-12-14,9:26
907,907,774,2023-12-09,10:13
908,908,164,2024-01-10,13:02
909,909,697,2023-12-18,12:29
910,910,706,2024-01-06,9:55
911,911,770,2023-12-17,12:39
912,912,997,2023-12-21,12:32
913,913,37,2023-12-22,12:14
914,914,587,2023-11-26,11:06
915,915,204,2023-12-03,11:11
916,916,572,2024-01-03,12:06
917,917,397,2023-11-29,11:28
918,918,945,2023-12-20,15:45
919,919,139,2023-12-15,14:40
920,920,834,2023-12-31,15:24
921,921,622,2024-01-05,16:11
922,922,418,2023-12-25,13:03
923,923,804,2023-12-09,13:41
924,924,686,2024-01-09,12:49
925,925,340,2023-11-20,12:34
926,926,865,2023-12-04,11:34
927,927,71,2023-12-12,15:31
928,928,684,2023-12-26,11:22
929,929,393,2023-12-21,11:40
930,930,49,2023-12-31,13:42
931,931,290,2024-01-08,13:52
932,932,688,2024-01-03,15:04
933,933,914,2023-12-06,13:10
934,934,683,2023-12-07,13:26
935,935,878,2023-12-27,8:27
936,936,475,2024-01-05,12:36
937,937,486,2023-11-26,10:43
938,938,528,2023-12-09,11:03
939,939,892,2023-11-28,8:46
940,940,658,2024-01-10,13:42
941,941,11,2024-01-02,15:11
942,942,924,2023-11-27,15:43
943,943,384,2023-12-24,15:34
944,944,518,2023-12-05,10:04
945,945,355,2023-12-15,15:39
946,946,813,2023-12-01,13:37
947,947,180,2024-01-01,15:02
948,948,768,2024-01-04,11:29
949,949,917,2023-11-26,9:02
950,950,300,2023-12-20,12:06
951,951,898,2023-12-26,9:54
952,952,425,2023-12-12,15:45
953,953,742,2023-12-12,15:42
954,954,848,2024-01-06,14:54
955,955,687,2023-12-28,10:35
956,956,161,2023-11-24,8:59
957,957,462,2023-12-02,15:02
958,958,120,2023-12-05,13:43
959,959,498,2023-12-05,12:45
960,960,80,2023-12-13,9:27
961,961,439,2024-01-02,9:34
962,962,598,2024-01-08,13:12
963,963,929,2023-12-08,9:26
964,964,1,2023-11-25,8:56
965,965,375,2023-12-05,14:10
966,966,953,2023-11-30,9:56
967,967,983,2023-11-29,9:24
968,968,975,2024-01-10,13:00
969,969,229,2023-12-31,9:48
970,970,948,2023-12-19,12:58
971,971,520,2023-11-24,11:47
972,972,772,2023-12-27,11:09
973,973,111,2023-12-14,9:45
974,974,368,2023-12-14,14:24
975,975,594,2023-12-20,14:07
976,976,209,2023-12-27,9:31
977,977,698,2023-12-30,14:15
978,978,152,2023-11-30,15:17
979,979,949,2023-12-15,9:28
980,980,405,2023-12-28,14:16
981,981,247,2023-12-21,15:40
982,982,16,2023-11-22,14:29
983,983,480,2023-12-11,11:34
984,984,624,2024-01-06,14:51
985,985,763,2023-12-10,11:48
986,986,451,2023-12-06,13:58
987,987,184,2024-01-04,9:01
988,988,544,2023-11-24,12:01
989,989,936,2024-01-03,11:23
990,990,522,2023-12-21,14:49
991,991,799,2024-01-06,12:39
992,992,39,2023-11-20,13:38
993,993,533,2023-11-26,15:23
994,994,500,2023-11-28,15:06
995,995,73,2023-12-30,13:41
996,996,157,2023-11-27,16:01
997,997,913,2023-12-02,12:42
998,998,36,2024-01-07,11:04
999,999,484,2023-12-28,16:05
1000,1000,21,2023-11-21,13:47
