RecruiterInterviewID,JobID,DateStart,DateEnd,TimeStart,TimeEnd
1,1,2023-12-12,2023-11-15,08:00:00 AM,04:11:00 PM
2,2,2023-12-10,2023-12-19,08:10:00 AM,04:11:00 PM
3,3,2023-11-29,2023-11-24,08:06:00 AM,04:06:00 PM
4,4,2023-12-15,2023-11-17,08:08:00 AM,04:06:00 PM
5,5,2023-11-17,2023-12-18,08:00:00 AM,04:07:00 PM
6,6,2023-12-16,2023-11-22,08:10:00 AM,04:13:00 PM
7,7,2023-12-20,2023-12-06,08:01:00 AM,04:08:00 PM
8,8,2023-12-25,2024-01-05,08:10:00 AM,04:10:00 PM
9,9,2023-11-29,2023-11-14,08:05:00 AM,04:05:00 PM
10,10,2023-11-24,2023-11-22,08:03:00 AM,04:00:00 PM
11,11,2023-11-26,2024-01-01,08:03:00 AM,04:00:00 PM
12,12,2024-01-04,2023-11-28,08:08:00 AM,04:14:00 PM
13,13,2023-11-27,2024-01-10,08:01:00 AM,04:11:00 PM
14,14,2023-11-08,2023-12-25,08:06:00 AM,04:06:00 PM
15,15,2023-11-08,2023-12-31,08:08:00 AM,04:09:00 PM
16,16,2023-12-27,2023-12-14,08:00:00 AM,04:14:00 PM
17,17,2023-12-16,2023-12-10,08:08:00 AM,04:07:00 PM
18,18,2023-12-17,2024-01-10,08:05:00 AM,04:05:00 PM
19,19,2023-12-30,2024-01-01,08:04:00 AM,04:06:00 PM
20,20,2023-12-07,2023-12-02,08:07:00 AM,04:00:00 PM
21,21,2023-12-27,2023-11-13,08:07:00 AM,04:07:00 PM
22,22,2023-12-09,2023-12-11,08:00:00 AM,04:02:00 PM
23,23,2023-11-15,2023-12-04,08:10:00 AM,04:09:00 PM
24,24,2023-12-12,2023-11-15,08:04:00 AM,04:00:00 PM
25,22,2023-12-11,2023-12-26,08:03:00 AM,04:06:00 PM
26,26,2023-11-16,2024-01-07,08:09:00 AM,04:02:00 PM
27,27,2023-11-18,2023-12-06,08:06:00 AM,04:04:00 PM
28,28,2023-12-09,2024-01-08,08:06:00 AM,04:02:00 PM
29,29,2024-01-05,2024-01-05,08:10:00 AM,04:01:00 PM
30,30,2023-12-22,2023-12-02,08:01:00 AM,04:09:00 PM
31,31,2023-12-26,2024-01-08,08:06:00 AM,04:13:00 PM
32,32,2023-11-21,2023-12-31,08:10:00 AM,04:03:00 PM
33,33,2024-01-04,2023-12-27,08:09:00 AM,04:07:00 PM
34,34,2023-11-20,2023-12-28,08:10:00 AM,04:01:00 PM
35,35,2024-01-05,2023-12-22,08:05:00 AM,04:01:00 PM
36,36,2023-12-12,2023-11-13,08:02:00 AM,04:13:00 PM
37,37,2024-01-05,2023-11-18,08:06:00 AM,04:10:00 PM
38,38,2023-12-23,2023-12-20,08:10:00 AM,04:03:00 PM
39,39,2023-12-07,2023-12-02,08:05:00 AM,04:04:00 PM
40,40,2023-12-12,2023-12-16,08:09:00 AM,04:13:00 PM
41,41,2023-12-14,2024-01-05,08:08:00 AM,04:00:00 PM
42,42,2023-11-29,2023-12-21,08:07:00 AM,04:05:00 PM
43,43,2023-11-15,2023-11-29,08:02:00 AM,04:02:00 PM
44,44,2023-12-28,2023-12-30,08:09:00 AM,04:05:00 PM
45,45,2023-11-08,2023-11-27,08:04:00 AM,04:01:00 PM
46,46,2023-12-14,2023-12-13,08:00:00 AM,04:02:00 PM
47,47,2023-11-11,2023-11-22,08:01:00 AM,04:04:00 PM
48,48,2023-11-28,2023-12-16,08:03:00 AM,04:06:00 PM
49,49,2023-11-20,2023-11-17,08:04:00 AM,04:05:00 PM
50,50,2023-12-05,2023-12-21,08:07:00 AM,04:00:00 PM
51,51,2023-11-10,2023-12-03,08:06:00 AM,04:09:00 PM
52,52,2023-11-20,2023-11-25,08:08:00 AM,04:13:00 PM
53,53,2023-11-19,2023-12-03,08:05:00 AM,04:07:00 PM
54,54,2024-01-03,2024-01-01,08:08:00 AM,04:03:00 PM
55,55,2023-11-18,2023-12-10,08:08:00 AM,04:14:00 PM
56,56,2023-11-29,2023-11-29,08:09:00 AM,04:08:00 PM
57,57,2023-12-23,2023-11-24,08:02:00 AM,04:09:00 PM
58,58,2023-12-15,2023-12-15,08:09:00 AM,04:12:00 PM
59,59,2023-11-14,2023-12-15,08:06:00 AM,04:00:00 PM
60,60,2023-11-21,2024-01-09,08:02:00 AM,04:06:00 PM
61,61,2023-11-26,2024-01-04,08:05:00 AM,04:07:00 PM
62,62,2024-01-02,2023-11-20,08:10:00 AM,04:09:00 PM
63,63,2023-12-07,2023-11-20,08:00:00 AM,04:00:00 PM
64,64,2023-11-11,2023-12-30,08:04:00 AM,04:04:00 PM
65,65,2023-12-31,2023-12-17,08:04:00 AM,04:09:00 PM
66,66,2023-12-07,2023-11-16,08:02:00 AM,04:12:00 PM
67,67,2023-11-28,2024-01-05,08:05:00 AM,04:02:00 PM
68,68,2024-01-03,2024-01-05,08:09:00 AM,04:05:00 PM
69,69,2023-12-24,2023-12-09,08:07:00 AM,04:13:00 PM
70,70,2023-12-07,2023-11-23,08:02:00 AM,04:01:00 PM
71,71,2024-01-04,2023-12-03,08:06:00 AM,04:05:00 PM
72,72,2023-12-05,2023-12-28,08:05:00 AM,04:05:00 PM
73,73,2023-11-29,2023-11-27,08:07:00 AM,04:14:00 PM
74,74,2023-12-03,2024-01-02,08:02:00 AM,04:11:00 PM
75,75,2023-11-13,2024-01-02,08:09:00 AM,04:07:00 PM
76,76,2023-11-25,2024-01-01,08:07:00 AM,04:01:00 PM
77,77,2023-12-16,2024-01-10,08:06:00 AM,04:03:00 PM
78,78,2023-11-17,2023-12-07,08:02:00 AM,04:10:00 PM
79,79,2023-11-29,2023-12-10,08:03:00 AM,04:00:00 PM
80,80,2023-12-12,2023-12-30,08:09:00 AM,04:12:00 PM
81,81,2023-11-21,2023-11-27,08:08:00 AM,04:00:00 PM
82,82,2023-11-12,2023-12-27,08:03:00 AM,04:01:00 PM
83,83,2023-11-26,2023-11-24,08:01:00 AM,04:13:00 PM
84,84,2023-12-20,2023-12-25,08:07:00 AM,04:01:00 PM
85,85,2024-01-07,2024-01-01,08:05:00 AM,04:08:00 PM
86,86,2023-12-11,2023-11-22,08:06:00 AM,04:06:00 PM
87,87,2023-11-12,2023-12-24,08:09:00 AM,04:09:00 PM
88,88,2023-11-17,2023-11-28,08:07:00 AM,04:03:00 PM
89,89,2023-12-05,2024-01-10,08:03:00 AM,04:03:00 PM
90,90,2023-12-30,2023-12-16,08:06:00 AM,04:13:00 PM
91,91,2023-12-27,2023-12-31,08:02:00 AM,04:14:00 PM
92,92,2023-12-08,2024-01-08,08:07:00 AM,04:10:00 PM
93,93,2023-11-21,2023-11-17,08:01:00 AM,04:05:00 PM
94,94,2023-12-19,2023-11-22,08:10:00 AM,04:07:00 PM
95,95,2024-01-03,2023-11-19,08:10:00 AM,04:04:00 PM
96,96,2023-12-03,2023-11-27,08:03:00 AM,04:00:00 PM
97,97,2023-12-12,2024-01-08,08:09:00 AM,04:06:00 PM
98,98,2023-12-20,2023-12-01,08:05:00 AM,04:13:00 PM
99,99,2023-11-16,2023-12-24,08:00:00 AM,04:04:00 PM
100,100,2023-11-27,2023-11-12,08:01:00 AM,04:13:00 PM
101,101,2023-11-21,2023-11-14,08:05:00 AM,04:04:00 PM
102,102,2023-12-08,2023-11-28,08:09:00 AM,04:14:00 PM
103,103,2023-12-07,2023-11-19,08:10:00 AM,04:08:00 PM
104,104,2023-12-31,2023-12-31,08:05:00 AM,04:08:00 PM
105,105,2023-12-25,2023-11-15,08:07:00 AM,04:04:00 PM
106,106,2024-01-06,2023-11-24,08:06:00 AM,04:06:00 PM
107,107,2023-12-06,2023-11-24,08:02:00 AM,04:07:00 PM
108,108,2023-11-19,2023-12-05,08:07:00 AM,04:02:00 PM
109,109,2023-11-14,2023-12-31,08:07:00 AM,04:14:00 PM
110,110,2023-11-23,2023-12-19,08:09:00 AM,04:07:00 PM
111,111,2023-12-02,2023-12-12,08:07:00 AM,04:09:00 PM
112,112,2023-12-21,2024-01-03,08:04:00 AM,04:00:00 PM
113,113,2023-12-02,2023-12-16,08:00:00 AM,04:12:00 PM
114,114,2023-11-10,2023-12-24,08:09:00 AM,04:14:00 PM
115,115,2023-11-09,2023-11-25,08:08:00 AM,04:08:00 PM
116,116,2023-11-18,2024-01-04,08:03:00 AM,04:04:00 PM
117,117,2023-12-24,2023-12-15,08:02:00 AM,04:05:00 PM
118,118,2023-12-14,2023-12-31,08:03:00 AM,04:00:00 PM
119,119,2023-11-30,2023-12-06,08:03:00 AM,04:14:00 PM
120,120,2023-12-12,2023-12-09,08:08:00 AM,04:08:00 PM
121,121,2023-12-01,2023-11-16,08:03:00 AM,04:02:00 PM
122,122,2024-01-05,2023-12-20,08:03:00 AM,04:07:00 PM
123,123,2023-12-26,2023-11-30,08:04:00 AM,04:14:00 PM
124,124,2023-12-26,2023-12-07,08:00:00 AM,04:13:00 PM
125,125,2023-12-02,2023-12-13,08:10:00 AM,04:14:00 PM
126,126,2024-01-02,2024-01-07,08:09:00 AM,04:14:00 PM
127,127,2023-12-07,2023-11-22,08:04:00 AM,04:05:00 PM
128,128,2023-12-06,2023-12-13,08:04:00 AM,04:01:00 PM
129,129,2023-12-19,2023-12-12,08:05:00 AM,04:09:00 PM
130,130,2023-11-21,2023-11-14,08:10:00 AM,04:01:00 PM
131,131,2023-11-18,2023-12-20,08:10:00 AM,04:03:00 PM
132,132,2023-11-08,2023-12-14,08:00:00 AM,04:14:00 PM
133,133,2024-01-05,2023-11-17,08:10:00 AM,04:10:00 PM
134,134,2023-11-13,2023-11-15,08:01:00 AM,04:06:00 PM
135,135,2023-11-21,2023-12-26,08:06:00 AM,04:06:00 PM
136,136,2023-12-11,2023-12-03,08:03:00 AM,04:07:00 PM
137,137,2023-12-24,2024-01-01,08:08:00 AM,04:03:00 PM
138,138,2024-01-05,2023-12-23,08:10:00 AM,04:12:00 PM
139,139,2024-01-07,2023-11-13,08:02:00 AM,04:01:00 PM
140,140,2023-12-07,2023-12-22,08:09:00 AM,04:05:00 PM
141,141,2024-01-07,2023-12-01,08:10:00 AM,04:04:00 PM
142,142,2023-12-03,2023-12-23,08:05:00 AM,04:14:00 PM
143,143,2023-11-28,2023-11-18,08:04:00 AM,04:08:00 PM
144,144,2023-12-02,2023-12-22,08:04:00 AM,04:08:00 PM
145,145,2023-11-26,2023-12-30,08:01:00 AM,04:05:00 PM
146,146,2023-12-26,2023-12-10,08:00:00 AM,04:08:00 PM
147,147,2023-12-29,2023-12-10,08:06:00 AM,04:07:00 PM
148,148,2024-01-03,2024-01-02,08:02:00 AM,04:13:00 PM
149,149,2023-12-14,2023-12-18,08:05:00 AM,04:01:00 PM
150,150,2023-11-09,2023-11-25,08:06:00 AM,04:12:00 PM
151,151,2024-01-03,2023-11-28,08:07:00 AM,04:09:00 PM
152,152,2023-12-18,2024-01-01,08:07:00 AM,04:05:00 PM
153,153,2023-11-28,2024-01-09,08:07:00 AM,04:14:00 PM
154,154,2023-12-26,2023-11-15,08:07:00 AM,04:05:00 PM
155,155,2023-12-02,2023-12-07,08:09:00 AM,04:03:00 PM
156,156,2024-01-03,2023-12-14,08:11:00 AM,04:00:00 PM
157,157,2023-12-03,2023-12-08,08:08:00 AM,04:13:00 PM
158,158,2023-12-24,2023-11-13,08:04:00 AM,04:06:00 PM
159,159,2023-12-18,2023-12-09,08:04:00 AM,04:00:00 PM
160,160,2023-12-21,2023-12-03,08:00:00 AM,04:02:00 PM
161,161,2023-12-06,2023-12-18,08:09:00 AM,04:04:00 PM
162,162,2023-12-17,2023-12-16,08:07:00 AM,04:00:00 PM
163,163,2023-11-22,2023-11-24,08:04:00 AM,04:11:00 PM
164,164,2023-12-16,2023-12-21,08:03:00 AM,04:06:00 PM
165,165,2023-12-25,2023-12-09,08:10:00 AM,04:08:00 PM
166,166,2023-12-29,2023-12-26,08:09:00 AM,04:12:00 PM
167,167,2024-01-03,2023-12-14,08:02:00 AM,04:13:00 PM
168,168,2023-11-17,2023-11-28,08:03:00 AM,04:09:00 PM
169,169,2023-11-11,2023-12-05,08:05:00 AM,04:09:00 PM
170,170,2023-11-24,2023-12-06,08:06:00 AM,04:13:00 PM
171,171,2024-01-01,2023-11-27,08:00:00 AM,04:12:00 PM
172,172,2023-12-07,2023-12-03,08:00:00 AM,04:12:00 PM
173,173,2023-11-28,2024-01-01,08:06:00 AM,04:13:00 PM
174,174,2023-11-14,2023-11-18,08:07:00 AM,04:02:00 PM
175,175,2023-12-08,2023-12-18,08:01:00 AM,04:04:00 PM
176,176,2023-12-24,2024-01-01,08:10:00 AM,04:14:00 PM
177,177,2024-01-05,2024-01-10,08:10:00 AM,04:12:00 PM
178,178,2023-12-05,2024-01-10,08:08:00 AM,04:03:00 PM
179,179,2023-11-20,2023-12-09,08:08:00 AM,04:02:00 PM
180,180,2023-12-16,2023-12-14,08:03:00 AM,04:06:00 PM
181,181,2023-12-14,2024-01-08,08:08:00 AM,04:04:00 PM
182,182,2023-12-21,2023-11-13,08:00:00 AM,04:00:00 PM
183,183,2023-12-22,2024-01-09,08:05:00 AM,04:02:00 PM
184,184,2023-11-08,2023-12-12,08:01:00 AM,04:04:00 PM
185,185,2023-11-20,2023-12-04,08:01:00 AM,04:08:00 PM
186,186,2023-12-21,2023-12-26,08:08:00 AM,04:12:00 PM
187,187,2023-12-13,2023-11-19,08:02:00 AM,04:04:00 PM
188,188,2023-12-05,2023-12-21,08:02:00 AM,04:05:00 PM
189,189,2023-11-23,2023-12-31,08:02:00 AM,04:12:00 PM
190,190,2023-12-20,2023-11-25,08:02:00 AM,04:12:00 PM
191,191,2023-12-30,2024-01-05,08:09:00 AM,04:08:00 PM
192,192,2023-11-08,2023-11-25,08:10:00 AM,04:08:00 PM
193,193,2023-11-25,2024-01-08,08:00:00 AM,04:13:00 PM
194,194,2023-11-18,2023-12-11,08:03:00 AM,04:09:00 PM
195,195,2023-11-09,2023-11-15,08:09:00 AM,04:02:00 PM
196,196,2023-11-11,2023-11-27,08:10:00 AM,04:09:00 PM
197,197,2023-12-26,2023-12-25,08:06:00 AM,04:01:00 PM
198,198,2023-12-21,2023-11-24,08:02:00 AM,04:12:00 PM
199,199,2023-12-20,2023-12-12,08:09:00 AM,04:00:00 PM
200,200,2023-11-26,2023-12-17,08:06:00 AM,04:06:00 PM
201,201,2024-01-03,2023-12-16,08:05:00 AM,04:10:00 PM
202,202,2023-11-30,2024-01-03,08:04:00 AM,04:10:00 PM
203,203,2023-11-18,2023-11-20,08:01:00 AM,04:11:00 PM
204,204,2023-12-28,2023-12-12,08:09:00 AM,04:00:00 PM
205,205,2024-01-07,2023-12-10,08:05:00 AM,04:00:00 PM
206,206,2023-11-11,2023-12-12,08:00:00 AM,04:02:00 PM
207,207,2023-11-20,2023-12-18,08:03:00 AM,04:13:00 PM
208,208,2023-11-10,2023-12-21,08:09:00 AM,04:14:00 PM
209,209,2023-12-03,2024-01-09,08:02:00 AM,04:07:00 PM
210,210,2023-11-08,2023-11-25,08:07:00 AM,04:14:00 PM
211,211,2023-12-15,2023-11-24,08:00:00 AM,04:02:00 PM
212,212,2023-12-01,2024-01-02,08:03:00 AM,04:07:00 PM
213,213,2023-11-14,2023-12-21,08:06:00 AM,04:04:00 PM
214,214,2023-12-03,2024-01-06,08:02:00 AM,04:10:00 PM
215,215,2023-12-19,2023-12-17,08:07:00 AM,04:10:00 PM
216,216,2023-12-07,2023-12-04,08:09:00 AM,04:13:00 PM
217,217,2023-11-26,2023-12-20,08:10:00 AM,04:08:00 PM
218,218,2023-12-01,2023-12-23,08:01:00 AM,04:01:00 PM
219,219,2023-12-17,2023-12-01,08:10:00 AM,04:12:00 PM
220,220,2024-01-01,2023-12-28,08:05:00 AM,04:07:00 PM
221,221,2024-01-03,2023-12-11,08:01:00 AM,04:05:00 PM
222,222,2023-12-11,2023-11-23,08:02:00 AM,04:10:00 PM
223,223,2023-12-16,2023-12-09,08:09:00 AM,04:12:00 PM
224,224,2023-11-16,2023-11-23,08:09:00 AM,04:09:00 PM
225,225,2023-12-28,2023-11-27,08:02:00 AM,04:08:00 PM
226,226,2023-12-24,2023-11-21,08:03:00 AM,04:08:00 PM
227,227,2023-11-28,2023-11-21,08:10:00 AM,04:06:00 PM
228,228,2023-12-01,2024-01-09,08:07:00 AM,04:06:00 PM
229,229,2023-11-14,2023-11-28,08:04:00 AM,04:07:00 PM
230,230,2023-12-27,2023-11-18,08:03:00 AM,04:08:00 PM
231,231,2024-01-05,2023-12-28,08:01:00 AM,04:08:00 PM
232,232,2023-12-20,2023-11-30,08:08:00 AM,04:08:00 PM
233,233,2023-11-09,2023-11-16,08:03:00 AM,04:14:00 PM
234,234,2023-11-22,2023-12-10,08:03:00 AM,04:08:00 PM
235,235,2023-12-11,2023-12-29,08:09:00 AM,04:00:00 PM
236,236,2023-12-20,2024-01-03,08:02:00 AM,04:01:00 PM
237,237,2023-11-29,2023-11-23,08:00:00 AM,04:11:00 PM
238,238,2024-01-07,2023-11-19,08:03:00 AM,04:01:00 PM
239,239,2023-11-17,2023-12-19,08:09:00 AM,04:11:00 PM
240,240,2023-11-19,2023-12-15,08:02:00 AM,04:02:00 PM
241,241,2023-12-14,2024-01-05,08:08:00 AM,04:13:00 PM
242,242,2023-12-04,2023-12-29,08:02:00 AM,04:09:00 PM
243,243,2023-11-20,2023-12-19,08:00:00 AM,04:04:00 PM
244,244,2023-11-08,2024-01-01,08:08:00 AM,04:00:00 PM
245,245,2024-01-07,2023-12-15,08:10:00 AM,04:10:00 PM
246,246,2023-11-20,2023-12-03,08:07:00 AM,04:07:00 PM
247,247,2023-12-04,2023-11-21,08:03:00 AM,04:09:00 PM
248,248,2023-11-23,2024-01-02,08:05:00 AM,04:12:00 PM
249,249,2023-12-16,2023-12-28,08:09:00 AM,04:03:00 PM
250,250,2023-12-06,2023-12-24,08:00:00 AM,04:14:00 PM
251,251,2023-11-08,2023-12-27,08:04:00 AM,04:14:00 PM
252,252,2023-12-15,2023-11-14,08:05:00 AM,04:12:00 PM
253,253,2023-12-02,2023-12-21,08:04:00 AM,04:02:00 PM
254,254,2023-11-13,2023-11-18,08:06:00 AM,04:11:00 PM
255,255,2023-11-25,2024-01-03,08:08:00 AM,04:14:00 PM
256,256,2023-12-08,2023-12-12,08:10:00 AM,04:12:00 PM
257,257,2023-11-19,2023-12-29,08:04:00 AM,04:12:00 PM
258,258,2023-11-24,2023-12-04,08:03:00 AM,04:14:00 PM
259,259,2023-11-15,2024-01-09,08:10:00 AM,04:02:00 PM
260,260,2023-12-31,2024-01-07,08:09:00 AM,04:01:00 PM
261,261,2023-11-23,2023-11-24,08:03:00 AM,04:05:00 PM
262,262,2023-12-31,2023-12-26,08:04:00 AM,04:14:00 PM
263,263,2023-12-01,2023-11-13,08:10:00 AM,04:05:00 PM
264,264,2023-12-20,2023-12-22,08:02:00 AM,04:08:00 PM
265,265,2023-12-12,2023-11-21,08:10:00 AM,04:10:00 PM
266,266,2023-12-30,2023-12-30,08:04:00 AM,04:11:00 PM
267,267,2024-01-07,2023-12-16,08:02:00 AM,04:07:00 PM
268,268,2023-12-13,2023-12-20,08:07:00 AM,04:05:00 PM
269,269,2023-12-02,2023-11-27,08:05:00 AM,04:08:00 PM
270,270,2023-12-25,2023-11-20,08:06:00 AM,04:13:00 PM
271,271,2024-01-03,2023-12-22,08:01:00 AM,04:04:00 PM
272,272,2023-12-29,2023-12-24,08:09:00 AM,04:11:00 PM
273,273,2023-12-04,2023-11-20,08:04:00 AM,04:03:00 PM
274,274,2024-01-05,2023-11-16,08:01:00 AM,04:07:00 PM
275,275,2023-11-23,2024-01-01,08:04:00 AM,04:06:00 PM
276,276,2023-11-09,2023-12-15,08:00:00 AM,04:06:00 PM
277,277,2023-11-09,2023-12-07,08:01:00 AM,04:00:00 PM
278,278,2023-11-08,2023-12-22,08:01:00 AM,04:14:00 PM
279,279,2023-12-02,2023-11-22,08:02:00 AM,04:09:00 PM
280,280,2023-11-18,2023-12-07,08:04:00 AM,04:02:00 PM
281,281,2023-11-20,2023-11-12,08:10:00 AM,04:10:00 PM
282,282,2023-11-25,2023-11-19,08:10:00 AM,04:04:00 PM
283,283,2023-12-06,2023-11-13,08:05:00 AM,04:03:00 PM
284,284,2023-12-21,2023-12-20,08:05:00 AM,04:02:00 PM
285,285,2023-12-23,2023-11-24,08:08:00 AM,04:09:00 PM
286,286,2023-12-05,2024-01-01,08:10:00 AM,04:07:00 PM
287,287,2023-11-23,2023-12-19,08:01:00 AM,04:10:00 PM
288,288,2023-12-25,2024-01-01,08:00:00 AM,04:05:00 PM
289,289,2023-11-14,2023-11-21,08:08:00 AM,04:07:00 PM
290,290,2023-12-03,2023-12-28,08:06:00 AM,04:06:00 PM
291,291,2023-11-13,2023-11-18,08:10:00 AM,04:08:00 PM
292,292,2023-12-31,2023-11-13,08:09:00 AM,04:13:00 PM
293,293,2024-01-07,2023-12-07,08:08:00 AM,04:03:00 PM
294,294,2024-01-03,2023-11-25,08:06:00 AM,04:02:00 PM
295,295,2023-11-10,2023-12-25,08:04:00 AM,04:06:00 PM
296,296,2023-12-31,2023-11-24,08:01:00 AM,04:04:00 PM
297,297,2024-01-03,2023-12-08,08:05:00 AM,04:06:00 PM
298,298,2023-11-25,2023-12-17,08:01:00 AM,04:11:00 PM
299,299,2023-12-16,2023-12-26,08:00:00 AM,04:14:00 PM
300,300,2023-12-12,2023-11-14,08:00:00 AM,04:08:00 PM
301,301,2023-12-14,2023-12-30,08:09:00 AM,04:05:00 PM
302,302,2023-12-12,2024-01-04,08:01:00 AM,04:07:00 PM
303,303,2023-12-12,2023-12-30,08:07:00 AM,04:11:00 PM
304,304,2023-12-16,2023-12-29,08:04:00 AM,04:13:00 PM
305,305,2023-11-13,2023-11-16,08:10:00 AM,04:03:00 PM
306,306,2023-11-23,2023-12-30,08:04:00 AM,04:00:00 PM
307,307,2023-12-20,2023-11-12,08:04:00 AM,04:00:00 PM
308,308,2023-11-15,2023-11-13,08:02:00 AM,04:08:00 PM
309,309,2023-11-18,2023-12-31,08:00:00 AM,04:06:00 PM
310,310,2023-11-27,2023-11-18,08:10:00 AM,04:05:00 PM
311,311,2023-11-17,2023-11-21,08:05:00 AM,04:03:00 PM
312,312,2023-12-15,2023-11-23,08:02:00 AM,04:10:00 PM
313,313,2023-11-19,2024-01-01,08:04:00 AM,04:07:00 PM
314,314,2024-01-03,2023-11-12,08:00:00 AM,04:02:00 PM
315,315,2024-01-07,2023-11-23,08:05:00 AM,04:07:00 PM
316,316,2023-11-25,2023-11-24,08:05:00 AM,04:13:00 PM
317,317,2023-11-11,2024-01-03,08:09:00 AM,04:10:00 PM
318,318,2023-12-24,2023-11-19,08:07:00 AM,04:14:00 PM
319,319,2023-12-13,2023-12-09,08:02:00 AM,04:07:00 PM
320,320,2024-01-07,2023-11-26,08:08:00 AM,04:10:00 PM
321,321,2023-11-13,2023-11-27,08:02:00 AM,04:07:00 PM
322,322,2023-12-07,2023-12-17,08:06:00 AM,04:12:00 PM
323,323,2024-01-03,2023-12-09,08:04:00 AM,04:08:00 PM
324,324,2023-11-15,2023-12-04,08:02:00 AM,04:13:00 PM
325,325,2023-12-23,2023-12-25,08:08:00 AM,04:13:00 PM
326,326,2023-12-09,2023-11-12,08:09:00 AM,04:14:00 PM
327,327,2023-12-31,2023-11-28,08:10:00 AM,04:02:00 PM
328,328,2023-12-21,2023-12-01,08:00:00 AM,04:06:00 PM
329,329,2023-12-24,2023-12-13,08:00:00 AM,04:14:00 PM
330,330,2023-11-15,2023-12-19,08:06:00 AM,04:13:00 PM
331,331,2023-12-22,2023-11-19,08:08:00 AM,04:11:00 PM
332,332,2023-12-19,2023-11-30,08:10:00 AM,04:10:00 PM
333,333,2023-11-16,2023-12-20,08:06:00 AM,04:12:00 PM
334,334,2023-12-12,2023-12-16,08:04:00 AM,04:04:00 PM
335,335,2023-12-17,2023-11-28,08:01:00 AM,04:08:00 PM
336,336,2024-01-03,2023-12-08,08:06:00 AM,04:05:00 PM
337,337,2023-12-16,2023-11-18,08:08:00 AM,04:04:00 PM
338,338,2023-12-28,2023-12-01,08:01:00 AM,04:06:00 PM
339,339,2023-11-17,2023-12-25,08:06:00 AM,04:08:00 PM
340,340,2023-12-13,2023-12-18,08:05:00 AM,04:09:00 PM
341,341,2023-12-17,2023-12-09,08:02:00 AM,04:07:00 PM
342,342,2023-12-01,2023-11-28,08:07:00 AM,04:11:00 PM
343,343,2023-11-26,2023-12-08,08:01:00 AM,04:03:00 PM
344,344,2023-12-16,2023-12-13,08:04:00 AM,04:11:00 PM
345,345,2023-11-21,2023-11-29,08:08:00 AM,04:10:00 PM
346,346,2023-12-05,2023-11-25,08:03:00 AM,04:11:00 PM
347,347,2023-11-09,2023-12-06,08:10:00 AM,04:09:00 PM
348,348,2023-11-22,2023-12-02,08:09:00 AM,04:04:00 PM
349,349,2024-01-02,2023-12-28,08:05:00 AM,04:13:00 PM
350,350,2023-12-28,2023-12-04,08:05:00 AM,04:09:00 PM
351,351,2023-12-26,2023-11-24,08:02:00 AM,04:12:00 PM
352,352,2023-12-02,2023-12-22,08:03:00 AM,04:12:00 PM
353,353,2023-11-19,2023-11-17,08:07:00 AM,04:06:00 PM
354,354,2023-11-27,2023-12-11,08:03:00 AM,04:08:00 PM
355,355,2023-12-09,2023-12-25,08:09:00 AM,04:05:00 PM
356,356,2023-11-21,2023-11-25,08:06:00 AM,04:02:00 PM
357,357,2023-11-14,2023-11-15,08:06:00 AM,04:08:00 PM
358,358,2023-11-14,2023-11-27,08:08:00 AM,04:04:00 PM
359,359,2023-12-20,2023-11-21,08:09:00 AM,04:02:00 PM
360,360,2023-11-10,2024-01-07,08:06:00 AM,04:06:00 PM
361,361,2024-01-04,2024-01-01,08:07:00 AM,04:04:00 PM
362,362,2023-12-29,2024-01-03,08:04:00 AM,04:01:00 PM
363,363,2023-12-30,2023-12-13,08:00:00 AM,04:06:00 PM
364,364,2023-11-28,2024-01-06,08:04:00 AM,04:08:00 PM
365,365,2023-11-28,2023-12-23,08:02:00 AM,04:00:00 PM
366,366,2023-11-13,2023-12-09,08:02:00 AM,04:01:00 PM
367,367,2023-12-28,2023-11-21,08:05:00 AM,04:03:00 PM
368,368,2023-12-10,2023-11-29,08:06:00 AM,04:08:00 PM
369,369,2023-12-30,2023-12-27,08:03:00 AM,04:12:00 PM
370,370,2023-11-30,2023-12-19,08:09:00 AM,04:05:00 PM
371,371,2023-11-27,2024-01-09,08:07:00 AM,04:04:00 PM
372,372,2024-01-07,2024-01-02,08:01:00 AM,04:03:00 PM
373,373,2023-12-13,2023-12-05,08:04:00 AM,04:11:00 PM
374,374,2023-11-29,2023-12-09,08:04:00 AM,04:00:00 PM
375,375,2023-12-14,2023-11-22,08:06:00 AM,04:01:00 PM
376,376,2023-11-09,2023-12-07,08:08:00 AM,04:05:00 PM
377,377,2023-12-22,2023-12-06,08:05:00 AM,04:13:00 PM
378,378,2023-12-20,2023-12-12,08:06:00 AM,04:10:00 PM
379,379,2023-12-22,2023-11-23,08:06:00 AM,04:11:00 PM
380,380,2024-01-07,2023-12-20,08:06:00 AM,04:02:00 PM
381,381,2024-01-05,2023-11-13,08:01:00 AM,04:06:00 PM
382,382,2023-12-02,2023-12-11,08:06:00 AM,04:13:00 PM
383,383,2023-11-26,2023-12-12,08:07:00 AM,04:02:00 PM
384,384,2023-12-12,2023-12-17,08:06:00 AM,04:13:00 PM
385,385,2023-11-29,2023-12-28,08:06:00 AM,04:08:00 PM
386,386,2024-01-02,2024-01-04,08:06:00 AM,04:13:00 PM
387,387,2024-01-01,2023-12-30,08:07:00 AM,04:14:00 PM
388,388,2023-12-16,2023-11-18,08:03:00 AM,04:12:00 PM
389,389,2023-11-19,2023-12-19,08:04:00 AM,04:13:00 PM
390,390,2023-11-10,2023-12-02,08:08:00 AM,04:01:00 PM
391,391,2023-12-07,2023-11-28,08:00:00 AM,04:01:00 PM
392,392,2024-01-04,2023-12-23,08:02:00 AM,04:01:00 PM
393,393,2024-01-05,2023-11-30,08:01:00 AM,04:14:00 PM
394,394,2024-01-04,2023-12-14,08:02:00 AM,04:08:00 PM
395,395,2023-12-20,2023-12-28,08:09:00 AM,04:12:00 PM
396,396,2024-01-05,2024-01-01,08:09:00 AM,04:08:00 PM
397,397,2023-11-18,2023-12-25,08:06:00 AM,04:04:00 PM
398,398,2023-11-24,2023-12-24,08:02:00 AM,04:02:00 PM
399,399,2023-11-18,2023-11-24,08:08:00 AM,04:12:00 PM
400,400,2024-01-06,2023-12-17,08:01:00 AM,04:12:00 PM
401,401,2023-11-28,2023-11-25,08:01:00 AM,04:12:00 PM
402,402,2024-01-04,2023-12-06,08:04:00 AM,04:14:00 PM
403,403,2024-01-04,2023-12-21,08:05:00 AM,04:13:00 PM
404,404,2023-12-20,2023-12-22,08:02:00 AM,04:10:00 PM
405,405,2023-12-14,2023-11-20,08:10:00 AM,04:03:00 PM
406,406,2024-01-06,2023-12-11,08:07:00 AM,04:06:00 PM
407,407,2024-01-04,2023-12-25,08:10:00 AM,04:08:00 PM
408,408,2024-01-01,2023-11-25,08:01:00 AM,04:04:00 PM
409,409,2023-12-16,2023-12-27,08:03:00 AM,04:10:00 PM
410,410,2023-11-22,2023-12-09,08:09:00 AM,04:05:00 PM
411,411,2023-12-07,2023-12-16,08:03:00 AM,04:06:00 PM
412,412,2023-11-17,2023-12-18,08:09:00 AM,04:04:00 PM
413,413,2023-11-12,2023-12-20,08:04:00 AM,04:02:00 PM
414,414,2024-01-01,2024-01-10,08:05:00 AM,04:12:00 PM
415,415,2023-12-19,2023-12-14,08:08:00 AM,04:02:00 PM
416,416,2023-12-09,2023-12-28,08:05:00 AM,04:03:00 PM
417,417,2023-12-31,2023-12-24,08:10:00 AM,04:09:00 PM
418,418,2023-12-27,2023-12-17,08:05:00 AM,04:00:00 PM
419,419,2023-12-22,2023-12-21,08:09:00 AM,04:09:00 PM
420,420,2023-11-12,2023-12-25,08:01:00 AM,04:09:00 PM
421,421,2023-11-24,2023-11-30,08:01:00 AM,04:01:00 PM
422,422,2023-12-05,2024-01-09,08:02:00 AM,04:01:00 PM
423,423,2023-12-10,2023-12-05,08:02:00 AM,04:00:00 PM
424,424,2023-12-28,2024-01-08,08:10:00 AM,04:07:00 PM
425,425,2024-01-01,2023-11-28,08:03:00 AM,04:12:00 PM
426,426,2023-12-01,2023-12-30,08:03:00 AM,04:06:00 PM
427,427,2023-12-20,2023-11-15,08:05:00 AM,04:05:00 PM
428,428,2023-12-08,2023-12-14,08:01:00 AM,04:10:00 PM
429,429,2023-12-21,2023-12-11,08:08:00 AM,04:02:00 PM
430,430,2024-01-07,2024-01-10,08:05:00 AM,04:04:00 PM
431,431,2023-12-11,2023-12-21,08:01:00 AM,04:13:00 PM
432,432,2023-12-05,2023-12-25,08:09:00 AM,04:02:00 PM
433,433,2023-12-06,2023-11-26,08:05:00 AM,04:11:00 PM
434,434,2023-12-11,2023-12-08,08:05:00 AM,04:04:00 PM
435,435,2023-12-11,2023-12-24,08:02:00 AM,04:06:00 PM
436,436,2023-12-09,2023-11-19,08:09:00 AM,04:06:00 PM
437,437,2023-11-22,2023-12-31,08:01:00 AM,04:07:00 PM
438,438,2023-11-30,2024-01-02,08:01:00 AM,04:06:00 PM
439,439,2023-12-12,2023-11-20,08:07:00 AM,04:04:00 PM
440,440,2024-01-05,2023-12-01,08:09:00 AM,04:00:00 PM
441,441,2023-11-21,2024-01-03,08:00:00 AM,04:04:00 PM
442,442,2023-11-18,2023-12-21,08:07:00 AM,04:09:00 PM
443,443,2024-01-05,2023-12-23,08:08:00 AM,04:05:00 PM
444,444,2023-11-26,2023-11-24,08:00:00 AM,04:10:00 PM
445,445,2023-11-23,2023-11-23,08:02:00 AM,04:05:00 PM
446,446,2023-12-04,2023-11-25,08:05:00 AM,04:07:00 PM
447,447,2023-12-07,2023-12-23,08:02:00 AM,04:12:00 PM
448,448,2023-11-17,2024-01-09,08:10:00 AM,04:12:00 PM
449,449,2023-12-10,2024-01-09,08:01:00 AM,04:01:00 PM
450,450,2023-12-25,2023-11-15,08:00:00 AM,04:03:00 PM
451,451,2023-11-10,2024-01-08,08:01:00 AM,04:13:00 PM
452,452,2023-12-28,2023-12-04,08:01:00 AM,04:06:00 PM
453,453,2023-12-03,2023-11-16,08:09:00 AM,04:12:00 PM
454,454,2023-12-21,2024-01-03,08:00:00 AM,04:14:00 PM
455,455,2023-11-22,2023-12-27,08:03:00 AM,04:05:00 PM
456,456,2023-11-14,2023-12-05,08:06:00 AM,04:01:00 PM
457,457,2023-11-29,2023-12-05,08:00:00 AM,04:13:00 PM
458,458,2023-12-05,2023-11-28,08:02:00 AM,04:00:00 PM
459,459,2024-01-01,2023-12-15,08:09:00 AM,04:10:00 PM
460,460,2023-11-15,2023-11-24,08:01:00 AM,04:07:00 PM
461,461,2023-12-05,2023-12-02,08:05:00 AM,04:06:00 PM
462,462,2023-12-30,2023-11-20,08:08:00 AM,04:10:00 PM
463,463,2023-11-21,2023-12-07,08:01:00 AM,04:08:00 PM
464,464,2023-12-05,2023-12-06,08:10:00 AM,04:11:00 PM
465,465,2023-12-05,2023-12-26,08:07:00 AM,04:12:00 PM
466,466,2023-12-04,2023-12-14,08:05:00 AM,04:09:00 PM
467,467,2023-12-23,2023-12-23,08:05:00 AM,04:07:00 PM
468,468,2023-12-27,2024-01-07,08:01:00 AM,04:04:00 PM
469,469,2023-12-09,2023-12-21,08:05:00 AM,04:12:00 PM
470,470,2023-12-28,2023-12-08,08:04:00 AM,04:12:00 PM
471,471,2023-12-29,2023-12-07,08:07:00 AM,04:05:00 PM
472,472,2023-11-14,2023-12-21,08:03:00 AM,04:06:00 PM
473,473,2023-11-19,2023-12-02,08:05:00 AM,04:13:00 PM
474,474,2023-11-30,2023-11-25,08:05:00 AM,04:03:00 PM
475,475,2023-12-10,2023-12-05,08:02:00 AM,04:11:00 PM
476,476,2023-11-28,2023-11-30,08:00:00 AM,04:10:00 PM
477,477,2023-12-30,2024-01-06,08:03:00 AM,04:14:00 PM
478,478,2023-12-30,2023-11-25,08:00:00 AM,04:10:00 PM
479,479,2023-12-14,2024-01-03,08:05:00 AM,04:11:00 PM
480,480,2023-12-31,2023-12-16,08:03:00 AM,04:07:00 PM
481,481,2023-11-15,2023-11-29,08:01:00 AM,04:02:00 PM
482,482,2024-01-02,2023-12-09,08:08:00 AM,04:14:00 PM
483,483,2023-12-26,2023-12-15,08:09:00 AM,04:09:00 PM
484,484,2023-11-20,2023-11-18,08:03:00 AM,04:03:00 PM
485,485,2023-12-07,2023-11-15,08:09:00 AM,04:01:00 PM
486,486,2023-11-29,2023-11-14,08:00:00 AM,04:08:00 PM
487,487,2023-12-29,2023-11-24,08:01:00 AM,04:03:00 PM
488,488,2024-01-02,2023-12-14,08:06:00 AM,04:05:00 PM
489,489,2023-12-17,2024-01-05,08:00:00 AM,04:14:00 PM
490,490,2023-12-08,2023-12-12,08:01:00 AM,04:07:00 PM
491,491,2023-11-14,2023-12-26,08:08:00 AM,04:09:00 PM
492,492,2023-11-24,2023-11-14,08:04:00 AM,04:10:00 PM
493,493,2023-11-22,2023-12-18,08:04:00 AM,04:05:00 PM
494,494,2024-01-03,2024-01-02,08:05:00 AM,04:07:00 PM
495,495,2024-01-05,2023-11-16,08:09:00 AM,04:05:00 PM
496,496,2023-12-03,2023-11-13,08:09:00 AM,04:07:00 PM
497,497,2024-01-05,2024-01-05,08:06:00 AM,04:09:00 PM
498,498,2023-12-13,2023-12-04,08:09:00 AM,04:14:00 PM
499,499,2023-11-10,2023-11-17,08:02:00 AM,04:10:00 PM
500,500,2023-11-23,2023-12-22,08:03:00 AM,04:14:00 PM
501,501,2023-12-23,2023-12-26,08:05:00 AM,04:12:00 PM
502,502,2023-11-13,2023-11-24,08:01:00 AM,04:10:00 PM
503,503,2023-11-13,2023-12-19,08:02:00 AM,04:03:00 PM
504,504,2023-12-15,2023-11-25,08:08:00 AM,04:12:00 PM
505,505,2023-12-01,2023-12-22,08:10:00 AM,04:14:00 PM
506,506,2023-11-25,2023-12-05,08:04:00 AM,04:03:00 PM
507,507,2023-11-09,2023-12-23,08:00:00 AM,04:03:00 PM
508,508,2023-12-20,2023-12-25,08:09:00 AM,04:07:00 PM
509,509,2023-12-25,2023-11-15,08:04:00 AM,04:07:00 PM
510,510,2023-11-28,2023-12-02,08:07:00 AM,04:09:00 PM
511,511,2023-12-04,2023-11-12,08:08:00 AM,04:01:00 PM
512,512,2023-12-04,2023-12-22,08:08:00 AM,04:12:00 PM
513,513,2023-11-15,2023-11-28,08:04:00 AM,04:14:00 PM
514,514,2023-12-14,2024-01-01,08:05:00 AM,04:10:00 PM
515,515,2023-11-09,2023-12-12,08:03:00 AM,04:13:00 PM
516,516,2023-11-15,2023-12-14,08:01:00 AM,04:04:00 PM
517,517,2024-01-01,2023-12-23,08:09:00 AM,04:07:00 PM
518,518,2023-12-04,2023-11-19,08:09:00 AM,04:12:00 PM
519,519,2023-12-09,2023-12-27,08:06:00 AM,04:01:00 PM
520,520,2023-12-28,2023-12-05,08:09:00 AM,04:03:00 PM
521,521,2023-11-12,2023-11-29,08:08:00 AM,04:13:00 PM
522,522,2023-11-26,2023-11-27,08:07:00 AM,04:00:00 PM
523,523,2023-12-14,2023-11-19,08:04:00 AM,04:11:00 PM
524,524,2023-11-18,2023-12-05,08:03:00 AM,04:01:00 PM
525,525,2023-12-30,2024-01-08,08:10:00 AM,04:05:00 PM
526,526,2023-12-12,2023-11-18,08:08:00 AM,04:13:00 PM
527,527,2023-11-20,2024-01-07,08:10:00 AM,04:00:00 PM
528,528,2023-11-16,2023-12-11,08:05:00 AM,04:05:00 PM
529,529,2023-11-29,2023-12-07,08:04:00 AM,04:13:00 PM
530,530,2023-11-30,2023-12-14,08:02:00 AM,04:11:00 PM
531,531,2023-12-19,2023-12-25,08:03:00 AM,04:09:00 PM
532,532,2023-11-10,2023-12-25,08:07:00 AM,04:11:00 PM
533,533,2023-12-02,2023-11-17,08:08:00 AM,04:14:00 PM
534,534,2023-11-29,2023-12-13,08:07:00 AM,04:09:00 PM
535,535,2023-11-15,2023-12-28,08:04:00 AM,04:06:00 PM
536,536,2023-12-15,2023-12-10,08:02:00 AM,04:09:00 PM
537,537,2023-12-20,2023-11-29,08:08:00 AM,04:04:00 PM
538,538,2023-12-19,2023-11-22,08:04:00 AM,04:14:00 PM
539,539,2023-12-01,2023-12-11,08:05:00 AM,04:00:00 PM
540,540,2024-01-01,2023-12-21,08:00:00 AM,04:02:00 PM
541,541,2023-12-02,2023-12-20,08:09:00 AM,04:08:00 PM
542,542,2024-01-05,2023-11-17,08:08:00 AM,04:02:00 PM
543,543,2023-12-17,2024-01-07,08:08:00 AM,04:07:00 PM
544,544,2023-12-09,2023-12-16,08:06:00 AM,04:01:00 PM
545,545,2023-12-30,2024-01-06,08:00:00 AM,04:05:00 PM
546,546,2023-12-24,2024-01-04,08:00:00 AM,04:05:00 PM
547,547,2024-01-07,2024-01-10,08:10:00 AM,04:14:00 PM
548,548,2024-01-07,2023-11-20,08:09:00 AM,04:09:00 PM
549,549,2023-12-27,2023-11-28,08:05:00 AM,04:10:00 PM
550,550,2023-11-10,2023-11-12,08:04:00 AM,04:06:00 PM
551,551,2023-11-12,2023-12-12,08:08:00 AM,04:11:00 PM
552,552,2024-01-05,2023-12-07,08:06:00 AM,04:05:00 PM
553,553,2024-01-02,2023-12-31,08:05:00 AM,04:00:00 PM
554,554,2023-11-29,2023-12-28,08:03:00 AM,04:00:00 PM
555,555,2023-11-12,2023-12-14,08:08:00 AM,04:08:00 PM
556,556,2023-12-16,2023-12-02,08:10:00 AM,04:13:00 PM
557,557,2023-12-04,2023-12-27,08:04:00 AM,04:09:00 PM
558,558,2023-11-12,2023-12-29,08:05:00 AM,04:11:00 PM
559,559,2023-11-14,2023-12-24,08:08:00 AM,04:06:00 PM
560,560,2023-12-20,2023-12-10,08:08:00 AM,04:03:00 PM
561,561,2023-12-26,2023-12-28,08:01:00 AM,04:09:00 PM
562,562,2023-12-25,2023-12-30,08:05:00 AM,04:03:00 PM
563,563,2023-11-26,2023-12-28,08:04:00 AM,04:03:00 PM
564,564,2023-11-24,2023-11-25,08:03:00 AM,04:14:00 PM
565,565,2023-12-06,2023-12-19,08:07:00 AM,04:13:00 PM
566,566,2023-11-20,2023-12-04,08:03:00 AM,04:06:00 PM
567,567,2024-01-05,2023-12-25,08:04:00 AM,04:10:00 PM
568,568,2023-11-08,2023-11-18,08:01:00 AM,04:02:00 PM
569,569,2023-11-14,2023-11-30,08:07:00 AM,04:03:00 PM
570,570,2023-11-22,2024-01-10,08:08:00 AM,04:01:00 PM
571,571,2023-12-01,2024-01-07,08:04:00 AM,04:08:00 PM
572,572,2023-12-29,2023-11-25,08:00:00 AM,04:03:00 PM
573,573,2024-01-07,2023-12-23,08:07:00 AM,04:10:00 PM
574,574,2023-11-08,2024-01-05,08:04:00 AM,04:00:00 PM
575,575,2023-11-24,2023-12-07,08:09:00 AM,04:07:00 PM
576,576,2023-12-09,2023-11-13,08:09:00 AM,04:11:00 PM
577,577,2023-12-17,2023-11-27,08:08:00 AM,04:01:00 PM
578,578,2024-01-03,2024-01-01,08:07:00 AM,04:11:00 PM
579,579,2023-11-28,2023-11-17,08:04:00 AM,04:02:00 PM
580,580,2023-11-20,2023-12-16,08:01:00 AM,04:13:00 PM
581,581,2023-11-29,2023-11-28,08:10:00 AM,04:12:00 PM
582,582,2023-11-30,2023-11-14,08:05:00 AM,04:10:00 PM
583,583,2023-12-08,2023-12-16,08:00:00 AM,04:03:00 PM
584,584,2023-12-31,2023-11-13,08:04:00 AM,04:10:00 PM
585,585,2023-12-27,2023-11-12,08:01:00 AM,04:12:00 PM
586,586,2023-11-19,2023-12-28,08:04:00 AM,04:04:00 PM
587,587,2023-11-12,2024-01-08,08:07:00 AM,04:04:00 PM
588,588,2023-11-26,2023-12-31,08:04:00 AM,04:02:00 PM
589,589,2023-11-23,2023-11-28,08:07:00 AM,04:04:00 PM
590,590,2023-12-10,2023-11-12,08:02:00 AM,04:03:00 PM
591,591,2023-12-12,2023-12-09,08:09:00 AM,04:03:00 PM
592,592,2023-12-11,2023-12-07,08:08:00 AM,04:08:00 PM
593,593,2023-11-16,2023-12-09,08:08:00 AM,04:07:00 PM
594,594,2023-11-26,2023-11-30,08:03:00 AM,04:06:00 PM
595,595,2023-12-08,2023-12-28,08:07:00 AM,04:08:00 PM
596,596,2023-12-01,2023-12-09,08:07:00 AM,04:14:00 PM
597,597,2024-01-04,2023-12-25,08:09:00 AM,04:04:00 PM
598,598,2023-11-30,2023-12-19,08:07:00 AM,04:06:00 PM
599,599,2023-12-02,2023-12-03,08:10:00 AM,04:13:00 PM
600,600,2023-11-15,2023-11-25,08:05:00 AM,04:07:00 PM
601,601,2023-12-07,2024-01-01,08:02:00 AM,04:11:00 PM
602,602,2023-11-03,2023-12-16,08:08:00 AM,04:13:00 PM
603,603,2024-01-05,2023-11-27,08:08:00 AM,04:08:00 PM
604,604,2023-11-08,2023-12-24,08:09:00 AM,04:12:00 PM
605,605,2023-11-16,2023-11-21,08:05:00 AM,04:12:00 PM
606,606,2024-01-01,2023-11-26,08:08:00 AM,04:09:00 PM
607,607,2023-11-30,2023-11-23,08:06:00 AM,04:13:00 PM
608,608,2023-12-21,2023-12-14,08:02:00 AM,04:00:00 PM
609,609,2024-01-02,2023-12-24,08:05:00 AM,04:03:00 PM
610,610,2024-01-02,2023-11-21,08:06:00 AM,04:13:00 PM
611,611,2023-11-09,2023-11-25,08:09:00 AM,04:06:00 PM
612,612,2023-11-12,2023-12-15,08:08:00 AM,04:12:00 PM
613,613,2023-11-30,2023-11-30,08:08:00 AM,04:13:00 PM
614,614,2023-11-19,2023-12-06,08:02:00 AM,04:10:00 PM
615,615,2024-01-06,2023-11-20,08:08:00 AM,04:11:00 PM
616,616,2024-01-06,2024-01-04,08:10:00 AM,04:02:00 PM
617,617,2023-11-11,2023-11-18,08:06:00 AM,04:08:00 PM
618,618,2024-01-01,2023-12-28,08:10:00 AM,04:07:00 PM
619,619,2023-12-15,2023-12-20,08:02:00 AM,04:10:00 PM
620,620,2023-11-13,2023-12-11,08:08:00 AM,04:12:00 PM
621,621,2023-12-15,2023-12-26,08:10:00 AM,04:05:00 PM
622,622,2023-12-24,2024-01-06,08:07:00 AM,04:07:00 PM
623,623,2023-11-18,2023-12-25,08:03:00 AM,04:06:00 PM
624,624,2023-11-24,2023-12-14,08:08:00 AM,04:07:00 PM
625,625,2023-12-27,2023-12-04,08:02:00 AM,04:01:00 PM
626,626,2023-12-10,2023-12-27,08:03:00 AM,04:13:00 PM
627,627,2023-11-15,2023-12-23,08:02:00 AM,04:10:00 PM
628,628,2023-11-30,2023-11-26,08:04:00 AM,04:00:00 PM
629,629,2023-12-26,2023-11-25,08:06:00 AM,04:09:00 PM
630,630,2023-11-24,2023-12-03,08:03:00 AM,04:12:00 PM
631,631,2023-12-15,2023-12-30,08:02:00 AM,04:05:00 PM
632,632,2023-12-10,2023-12-23,08:04:00 AM,04:12:00 PM
633,633,2023-12-19,2024-01-08,08:09:00 AM,04:13:00 PM
634,634,2023-11-18,2023-12-25,08:07:00 AM,04:08:00 PM
635,635,2023-11-30,2023-12-05,08:09:00 AM,04:06:00 PM
636,636,2023-12-26,2023-12-25,08:10:00 AM,04:05:00 PM
637,637,2023-11-22,2024-01-05,08:03:00 AM,04:11:00 PM
638,638,2023-11-23,2023-12-08,08:04:00 AM,04:11:00 PM
639,639,2024-01-02,2023-12-16,08:00:00 AM,04:04:00 PM
640,640,2023-12-18,2023-12-21,08:01:00 AM,04:00:00 PM
641,641,2023-12-22,2024-01-09,08:04:00 AM,04:10:00 PM
642,642,2023-11-21,2024-01-06,08:04:00 AM,04:03:00 PM
643,643,2024-01-07,2023-12-12,08:08:00 AM,04:11:00 PM
644,644,2023-12-14,2023-11-16,08:02:00 AM,04:07:00 PM
645,645,2023-11-11,2024-01-05,08:05:00 AM,04:03:00 PM
646,646,2023-12-29,2024-01-08,08:02:00 AM,04:07:00 PM
647,647,2023-12-19,2023-12-26,08:06:00 AM,04:01:00 PM
648,648,2023-12-20,2024-01-09,08:10:00 AM,04:07:00 PM
649,649,2023-12-07,2023-12-26,08:06:00 AM,04:09:00 PM
650,650,2023-12-13,2023-11-13,08:03:00 AM,04:06:00 PM
651,651,2023-12-13,2024-01-06,08:02:00 AM,04:11:00 PM
652,652,2023-12-03,2024-01-07,08:04:00 AM,04:11:00 PM
653,653,2024-01-07,2023-12-11,08:02:00 AM,04:01:00 PM
654,654,2023-12-14,2023-11-26,08:07:00 AM,04:03:00 PM
655,655,2023-12-28,2023-11-13,08:03:00 AM,04:14:00 PM
656,656,2023-12-15,2023-11-26,08:05:00 AM,04:08:00 PM
657,657,2024-01-06,2023-12-03,08:03:00 AM,04:12:00 PM
658,658,2023-12-05,2023-12-01,08:03:00 AM,04:03:00 PM
659,659,2024-01-03,2023-11-24,08:00:00 AM,04:00:00 PM
660,660,2023-11-09,2023-11-12,08:09:00 AM,04:01:00 PM
661,661,2023-11-25,2023-12-20,08:09:00 AM,04:13:00 PM
662,662,2023-12-07,2023-12-30,08:06:00 AM,04:00:00 PM
663,663,2023-11-30,2023-11-20,08:08:00 AM,04:03:00 PM
664,664,2023-11-28,2023-11-16,08:08:00 AM,04:03:00 PM
665,665,2023-11-23,2023-12-07,08:02:00 AM,04:02:00 PM
666,666,2023-12-04,2023-12-30,08:02:00 AM,04:00:00 PM
667,667,2024-01-07,2023-12-02,08:08:00 AM,04:11:00 PM
668,668,2023-12-10,2023-11-22,08:10:00 AM,04:12:00 PM
669,669,2023-12-24,2023-11-15,08:04:00 AM,04:06:00 PM
670,670,2023-12-17,2023-11-14,08:07:00 AM,04:14:00 PM
671,671,2023-12-09,2023-12-26,08:01:00 AM,04:08:00 PM
672,672,2023-12-04,2023-12-31,08:08:00 AM,04:13:00 PM
673,673,2023-11-30,2023-12-14,08:04:00 AM,04:02:00 PM
674,674,2023-11-16,2023-12-23,08:05:00 AM,04:05:00 PM
675,675,2023-12-26,2023-12-27,08:05:00 AM,04:04:00 PM
676,676,2023-11-27,2023-12-25,08:06:00 AM,04:07:00 PM
677,677,2024-01-04,2023-12-14,08:09:00 AM,04:05:00 PM
678,678,2023-12-16,2023-11-12,08:03:00 AM,04:02:00 PM
679,679,2023-12-28,2024-01-04,08:00:00 AM,04:00:00 PM
680,680,2023-12-30,2023-12-19,08:07:00 AM,04:06:00 PM
681,681,2023-11-25,2023-12-01,08:09:00 AM,04:01:00 PM
682,682,2023-11-21,2023-11-30,08:06:00 AM,04:08:00 PM
683,683,2023-12-15,2023-12-14,08:03:00 AM,04:09:00 PM
684,684,2023-12-27,2023-12-05,08:09:00 AM,04:05:00 PM
685,685,2023-11-19,2023-11-27,08:00:00 AM,04:04:00 PM
686,686,2023-11-18,2023-12-30,08:00:00 AM,04:07:00 PM
687,687,2023-12-28,2024-01-05,08:03:00 AM,04:11:00 PM
688,688,2023-12-15,2023-11-22,08:05:00 AM,04:01:00 PM
689,689,2023-11-29,2023-11-29,08:09:00 AM,04:03:00 PM
690,690,2023-12-18,2023-12-07,08:07:00 AM,04:09:00 PM
691,691,2023-11-30,2023-12-16,08:02:00 AM,04:13:00 PM
692,692,2024-01-07,2023-12-23,08:01:00 AM,04:12:00 PM
693,693,2023-11-30,2024-01-06,08:07:00 AM,04:14:00 PM
694,694,2023-12-01,2023-12-17,08:08:00 AM,04:08:00 PM
695,695,2023-11-14,2023-11-23,08:05:00 AM,04:01:00 PM
696,696,2023-12-21,2023-12-15,08:09:00 AM,04:10:00 PM
697,697,2023-12-21,2023-12-02,08:05:00 AM,04:02:00 PM
698,698,2024-01-04,2023-12-10,08:06:00 AM,04:11:00 PM
699,699,2023-12-18,2023-11-22,08:06:00 AM,04:09:00 PM
700,700,2023-12-22,2023-11-18,08:00:00 AM,04:11:00 PM
701,701,2023-12-24,2023-12-23,08:04:00 AM,04:12:00 PM
702,702,2023-11-21,2023-11-22,08:08:00 AM,04:11:00 PM
703,703,2023-12-17,2024-01-03,08:02:00 AM,04:01:00 PM
704,704,2023-12-19,2023-11-24,08:09:00 AM,04:12:00 PM
705,705,2023-12-14,2023-11-17,08:08:00 AM,04:03:00 PM
706,706,2023-12-12,2023-12-14,08:08:00 AM,04:08:00 PM
707,707,2023-11-18,2023-12-08,08:05:00 AM,04:12:00 PM
708,708,2023-11-15,2023-12-16,08:03:00 AM,04:09:00 PM
709,709,2023-12-24,2023-11-18,08:03:00 AM,04:08:00 PM
710,710,2023-12-05,2023-12-29,08:01:00 AM,04:12:00 PM
711,711,2023-11-29,2023-12-16,08:04:00 AM,04:10:00 PM
712,712,2023-11-20,2023-11-27,08:08:00 AM,04:09:00 PM
713,713,2024-01-06,2023-12-29,08:10:00 AM,04:13:00 PM
714,714,2024-01-05,2023-12-18,08:07:00 AM,04:10:00 PM
715,715,2023-11-17,2023-11-29,08:08:00 AM,04:02:00 PM
716,716,2024-01-07,2023-11-24,08:06:00 AM,04:01:00 PM
717,717,2023-12-12,2023-11-23,08:04:00 AM,04:07:00 PM
718,718,2023-12-30,2023-12-12,08:06:00 AM,04:00:00 PM
719,719,2023-12-23,2023-11-12,08:01:00 AM,04:14:00 PM
720,720,2023-12-30,2024-01-04,08:01:00 AM,04:08:00 PM
721,721,2023-11-16,2023-11-30,08:05:00 AM,04:05:00 PM
722,722,2024-01-06,2023-12-01,08:04:00 AM,04:11:00 PM
723,723,2023-11-12,2023-12-09,08:04:00 AM,04:05:00 PM
724,724,2023-11-28,2024-01-03,08:04:00 AM,04:05:00 PM
725,725,2023-12-10,2024-01-04,08:09:00 AM,04:07:00 PM
726,726,2023-11-15,2024-01-01,08:04:00 AM,04:13:00 PM
727,727,2023-12-29,2023-12-25,08:06:00 AM,04:14:00 PM
728,728,2023-12-02,2023-11-15,08:02:00 AM,04:14:00 PM
729,729,2023-12-30,2023-12-23,08:01:00 AM,04:04:00 PM
730,777,2023-12-01,2023-11-27,08:09:00 AM,04:08:00 PM
731,731,2023-12-11,2023-11-20,08:02:00 AM,04:10:00 PM
732,732,2023-12-19,2023-12-17,08:02:00 AM,04:00:00 PM
733,733,2023-12-28,2023-11-22,08:10:00 AM,04:01:00 PM
734,734,2023-11-24,2023-12-05,08:09:00 AM,04:06:00 PM
735,735,2023-12-31,2024-01-06,08:10:00 AM,04:12:00 PM
736,736,2023-12-03,2023-12-28,08:10:00 AM,04:06:00 PM
737,737,2024-01-02,2023-12-13,08:07:00 AM,04:11:00 PM
738,738,2023-11-27,2023-11-21,08:10:00 AM,04:14:00 PM
739,739,2023-12-16,2024-01-05,08:02:00 AM,04:11:00 PM
740,740,2023-12-07,2023-11-23,08:04:00 AM,04:05:00 PM
741,741,2023-11-10,2023-12-16,08:05:00 AM,04:02:00 PM
742,742,2023-12-31,2023-12-08,08:05:00 AM,04:14:00 PM
743,743,2023-12-23,2023-12-11,08:02:00 AM,04:07:00 PM
744,744,2023-11-10,2023-11-27,08:05:00 AM,04:05:00 PM
745,745,2023-11-16,2023-11-18,08:00:00 AM,04:06:00 PM
746,746,2023-12-10,2024-01-05,08:04:00 AM,04:02:00 PM
747,747,2023-12-24,2023-11-25,08:05:00 AM,04:03:00 PM
748,748,2023-11-24,2023-12-27,08:05:00 AM,04:07:00 PM
749,749,2023-11-28,2023-12-19,08:08:00 AM,04:02:00 PM
750,750,2024-01-02,2023-11-21,08:02:00 AM,04:04:00 PM
751,751,2023-11-18,2023-11-23,08:06:00 AM,04:03:00 PM
752,752,2023-11-27,2024-01-06,08:06:00 AM,04:03:00 PM
753,753,2023-12-02,2023-11-29,08:07:00 AM,04:13:00 PM
754,754,2023-11-21,2023-12-21,08:02:00 AM,04:05:00 PM
755,755,2023-11-20,2023-12-29,08:01:00 AM,04:07:00 PM
756,756,2023-12-10,2023-12-15,08:00:00 AM,04:05:00 PM
757,757,2023-11-25,2024-01-05,08:10:00 AM,04:01:00 PM
758,758,2023-12-13,2023-11-21,08:01:00 AM,04:14:00 PM
759,759,2023-11-18,2023-12-02,08:04:00 AM,04:07:00 PM
760,760,2024-01-01,2023-12-20,08:05:00 AM,04:09:00 PM
761,761,2023-12-11,2023-12-02,08:03:00 AM,04:03:00 PM
762,762,2023-11-28,2023-11-17,08:10:00 AM,04:02:00 PM
763,763,2023-12-09,2023-12-10,08:02:00 AM,04:12:00 PM
764,764,2023-12-23,2023-11-28,08:02:00 AM,04:13:00 PM
765,765,2023-11-12,2024-01-02,08:01:00 AM,04:09:00 PM
766,766,2024-01-02,2023-11-30,08:09:00 AM,04:03:00 PM
767,767,2023-12-01,2023-11-23,08:04:00 AM,04:10:00 PM
768,768,2023-12-11,2023-11-28,08:02:00 AM,04:11:00 PM
769,769,2023-12-27,2023-12-02,08:04:00 AM,04:03:00 PM
770,770,2023-12-28,2024-01-03,08:08:00 AM,04:13:00 PM
771,771,2023-12-22,2023-11-20,08:06:00 AM,04:06:00 PM
772,772,2023-12-03,2023-11-30,08:05:00 AM,04:07:00 PM
773,773,2024-01-07,2024-01-01,08:07:00 AM,04:04:00 PM
774,774,2023-11-25,2023-12-15,08:10:00 AM,04:03:00 PM
775,775,2023-11-12,2023-12-30,08:10:00 AM,04:05:00 PM
776,776,2023-12-18,2024-01-07,08:02:00 AM,04:02:00 PM
777,777,2023-11-18,2024-01-02,08:00:00 AM,04:10:00 PM
778,778,2023-11-29,2023-12-03,08:09:00 AM,04:14:00 PM
779,779,2023-12-04,2023-12-10,08:06:00 AM,04:06:00 PM
780,780,2023-12-01,2024-01-08,08:10:00 AM,04:00:00 PM
781,781,2024-01-04,2024-01-02,08:05:00 AM,04:13:00 PM
782,782,2023-11-26,2023-12-22,08:08:00 AM,04:00:00 PM
783,783,2023-12-17,2024-01-05,08:06:00 AM,04:00:00 PM
784,784,2023-12-06,2023-12-23,08:00:00 AM,04:14:00 PM
785,785,2023-12-07,2023-12-02,08:00:00 AM,04:03:00 PM
786,786,2023-12-16,2023-12-14,08:00:00 AM,04:05:00 PM
787,787,2023-12-22,2023-11-28,08:04:00 AM,04:02:00 PM
788,788,2023-12-25,2023-11-26,08:06:00 AM,04:09:00 PM
789,789,2023-12-30,2023-12-25,08:01:00 AM,04:13:00 PM
790,790,2023-12-03,2023-11-22,08:08:00 AM,04:05:00 PM
791,791,2023-12-03,2023-12-09,08:10:00 AM,04:07:00 PM
792,792,2023-12-02,2023-12-03,08:09:00 AM,04:04:00 PM
793,793,2023-12-16,2024-01-09,08:06:00 AM,04:07:00 PM
794,794,2023-12-19,2023-12-23,08:09:00 AM,04:03:00 PM
795,795,2023-11-22,2023-11-26,08:01:00 AM,04:06:00 PM
796,796,2023-11-12,2023-12-21,08:00:00 AM,04:12:00 PM
797,797,2024-01-01,2023-11-23,08:01:00 AM,04:13:00 PM
798,798,2023-12-27,2023-12-01,08:03:00 AM,04:09:00 PM
799,799,2023-11-24,2023-11-25,08:05:00 AM,04:04:00 PM
800,800,2023-11-29,2023-12-20,08:07:00 AM,04:06:00 PM
801,801,2023-12-26,2023-12-14,08:02:00 AM,04:05:00 PM
802,802,2023-11-18,2023-11-26,08:03:00 AM,04:10:00 PM
803,803,2023-12-24,2024-01-07,08:04:00 AM,04:06:00 PM
804,804,2024-01-06,2023-11-27,08:09:00 AM,04:09:00 PM
805,805,2023-12-17,2023-11-24,08:04:00 AM,04:06:00 PM
806,806,2023-12-09,2023-11-30,08:00:00 AM,04:12:00 PM
807,807,2023-11-08,2023-12-31,08:10:00 AM,04:10:00 PM
808,808,2023-12-02,2023-12-13,08:10:00 AM,04:12:00 PM
809,809,2023-11-15,2023-12-22,08:10:00 AM,04:07:00 PM
810,810,2023-12-08,2024-01-08,08:10:00 AM,04:00:00 PM
811,811,2023-11-20,2023-12-29,08:03:00 AM,04:04:00 PM
812,812,2023-12-05,2023-12-28,08:02:00 AM,04:09:00 PM
813,813,2024-01-06,2024-01-02,08:03:00 AM,04:00:00 PM
814,814,2023-11-26,2023-11-18,08:02:00 AM,04:05:00 PM
815,815,2023-11-20,2023-12-17,08:09:00 AM,04:07:00 PM
816,816,2023-12-03,2024-01-07,08:02:00 AM,04:12:00 PM
817,817,2024-01-07,2023-11-23,08:08:00 AM,04:14:00 PM
818,818,2024-01-02,2023-11-25,08:05:00 AM,04:14:00 PM
819,819,2023-12-07,2024-01-08,08:07:00 AM,04:14:00 PM
820,820,2023-11-20,2023-11-19,08:03:00 AM,04:09:00 PM
821,821,2023-12-26,2024-01-03,08:08:00 AM,04:08:00 PM
822,822,2023-11-12,2023-12-13,08:10:00 AM,04:08:00 PM
823,823,2023-11-30,2023-12-01,08:07:00 AM,04:03:00 PM
824,824,2023-12-15,2023-12-09,08:08:00 AM,04:11:00 PM
825,825,2023-11-09,2023-12-31,08:03:00 AM,04:13:00 PM
826,826,2023-11-22,2023-11-20,08:01:00 AM,04:12:00 PM
827,827,2023-11-23,2024-01-08,08:09:00 AM,04:00:00 PM
828,828,2023-12-29,2023-12-02,08:05:00 AM,04:05:00 PM
829,829,2023-12-07,2023-12-11,08:02:00 AM,04:06:00 PM
830,830,2023-12-08,2023-12-15,08:03:00 AM,04:11:00 PM
831,831,2023-11-19,2023-12-02,08:03:00 AM,04:09:00 PM
832,832,2023-12-30,2024-01-08,08:02:00 AM,04:01:00 PM
833,833,2024-01-02,2023-12-06,08:10:00 AM,04:13:00 PM
834,834,2023-12-20,2023-11-12,08:01:00 AM,04:05:00 PM
835,835,2024-01-05,2023-11-24,08:02:00 AM,04:02:00 PM
836,836,2024-01-02,2023-11-14,08:10:00 AM,04:08:00 PM
837,837,2023-12-28,2023-12-30,08:07:00 AM,04:12:00 PM
838,838,2023-11-13,2023-12-19,08:03:00 AM,04:04:00 PM
839,839,2023-12-24,2023-12-18,08:01:00 AM,04:07:00 PM
840,840,2023-12-08,2023-12-16,08:10:00 AM,04:08:00 PM
841,841,2023-12-11,2023-11-23,08:05:00 AM,04:13:00 PM
842,842,2023-11-20,2024-01-03,08:10:00 AM,04:04:00 PM
843,843,2023-12-28,2023-11-23,08:01:00 AM,04:00:00 PM
844,844,2023-12-26,2023-12-25,08:03:00 AM,04:01:00 PM
845,845,2023-12-04,2024-01-05,08:03:00 AM,04:01:00 PM
846,846,2023-12-11,2023-11-22,08:04:00 AM,04:08:00 PM
847,847,2023-11-20,2023-12-21,08:02:00 AM,04:11:00 PM
848,848,2023-11-29,2023-12-14,08:01:00 AM,04:08:00 PM
849,849,2023-12-13,2023-11-20,08:08:00 AM,04:11:00 PM
850,850,2024-01-04,2024-01-03,08:08:00 AM,04:10:00 PM
851,851,2023-12-31,2023-12-20,08:01:00 AM,04:07:00 PM
852,852,2023-11-26,2023-12-20,08:01:00 AM,04:02:00 PM
853,853,2023-11-12,2023-12-06,08:01:00 AM,04:03:00 PM
854,854,2023-12-12,2023-12-24,08:00:00 AM,04:09:00 PM
855,855,2023-12-20,2023-12-12,08:03:00 AM,04:03:00 PM
856,856,2023-11-09,2023-12-30,08:10:00 AM,04:06:00 PM
857,857,2023-11-25,2023-12-17,08:05:00 AM,04:05:00 PM
858,858,2023-11-30,2023-12-14,08:01:00 AM,04:14:00 PM
859,859,2023-12-27,2023-12-26,08:10:00 AM,04:06:00 PM
860,860,2023-12-21,2024-01-01,08:03:00 AM,04:07:00 PM
861,861,2023-12-06,2023-11-21,08:08:00 AM,04:12:00 PM
862,862,2024-01-07,2023-12-20,08:09:00 AM,04:04:00 PM
863,863,2023-11-14,2023-11-21,08:02:00 AM,04:09:00 PM
864,864,2023-11-28,2024-01-09,08:08:00 AM,04:13:00 PM
865,865,2023-12-02,2023-11-26,08:00:00 AM,04:14:00 PM
866,866,2023-12-29,2023-11-24,08:02:00 AM,04:04:00 PM
867,867,2023-11-12,2023-11-25,08:09:00 AM,04:06:00 PM
868,868,2024-01-02,2023-12-28,08:02:00 AM,04:10:00 PM
869,869,2023-11-30,2023-12-06,08:01:00 AM,04:11:00 PM
870,870,2023-12-07,2023-11-24,08:02:00 AM,04:03:00 PM
871,871,2023-12-22,2023-12-18,08:01:00 AM,04:12:00 PM
872,872,2023-11-17,2023-11-19,08:09:00 AM,04:06:00 PM
873,873,2023-11-29,2024-01-10,08:02:00 AM,04:04:00 PM
874,874,2023-11-23,2023-12-30,08:10:00 AM,04:14:00 PM
875,875,2023-11-27,2023-12-01,08:01:00 AM,04:10:00 PM
876,876,2024-01-03,2023-12-30,08:04:00 AM,04:07:00 PM
877,877,2023-12-12,2023-11-14,08:09:00 AM,04:05:00 PM
878,878,2023-11-26,2023-12-11,08:06:00 AM,04:11:00 PM
879,879,2024-01-02,2023-11-30,08:03:00 AM,04:07:00 PM
880,880,2023-12-01,2023-11-27,08:03:00 AM,04:04:00 PM
881,881,2023-12-08,2023-11-23,08:06:00 AM,04:03:00 PM
882,882,2023-12-21,2023-11-29,08:08:00 AM,04:09:00 PM
883,883,2023-12-18,2023-12-06,08:08:00 AM,04:11:00 PM
884,884,2023-11-09,2023-12-16,08:08:00 AM,04:11:00 PM
885,885,2023-12-13,2023-11-17,08:08:00 AM,04:14:00 PM
886,886,2023-11-26,2023-12-29,08:03:00 AM,04:06:00 PM
887,887,2023-11-30,2024-01-02,08:08:00 AM,04:10:00 PM
888,888,2023-12-13,2023-11-22,08:09:00 AM,04:09:00 PM
889,889,2024-01-02,2023-12-12,08:04:00 AM,04:10:00 PM
890,890,2023-12-17,2023-11-29,08:07:00 AM,04:04:00 PM
891,891,2023-11-27,2023-11-17,08:08:00 AM,04:01:00 PM
892,892,2023-11-18,2023-11-17,08:02:00 AM,04:04:00 PM
893,893,2023-11-30,2023-12-05,08:01:00 AM,04:05:00 PM
894,894,2023-11-27,2023-12-20,08:06:00 AM,04:05:00 PM
895,895,2023-12-31,2023-12-10,08:03:00 AM,04:07:00 PM
896,896,2023-12-24,2023-11-21,08:02:00 AM,04:06:00 PM
897,897,2023-11-08,2023-11-30,08:02:00 AM,04:00:00 PM
898,898,2023-11-29,2024-01-04,08:09:00 AM,04:08:00 PM
899,899,2024-01-04,2023-12-21,08:08:00 AM,04:14:00 PM
900,900,2023-12-01,2023-11-13,08:05:00 AM,04:14:00 PM
901,901,2023-11-16,2023-12-31,08:06:00 AM,04:08:00 PM
902,902,2024-01-06,2023-12-09,08:04:00 AM,04:14:00 PM
903,903,2023-12-30,2023-11-21,08:02:00 AM,04:11:00 PM
904,904,2023-11-19,2023-11-21,08:09:00 AM,04:06:00 PM
905,905,2023-11-16,2023-12-07,08:08:00 AM,04:08:00 PM
906,906,2024-01-04,2023-12-16,08:04:00 AM,04:05:00 PM
907,907,2023-12-04,2023-12-28,08:07:00 AM,04:11:00 PM
908,908,2024-01-01,2023-11-12,08:08:00 AM,04:13:00 PM
909,909,2023-11-08,2023-11-29,08:01:00 AM,04:11:00 PM
910,910,2023-12-14,2023-12-05,08:10:00 AM,04:11:00 PM
911,911,2023-12-09,2023-12-08,08:07:00 AM,04:09:00 PM
912,912,2023-11-18,2023-12-17,08:07:00 AM,04:11:00 PM
913,913,2023-11-17,2023-11-26,08:06:00 AM,04:09:00 PM
914,914,2023-12-28,2023-12-28,08:01:00 AM,04:00:00 PM
915,915,2023-12-13,2024-01-03,08:10:00 AM,04:10:00 PM
916,916,2024-01-03,2024-01-01,08:05:00 AM,04:12:00 PM
917,917,2023-11-20,2023-12-13,08:01:00 AM,04:05:00 PM
918,918,2023-12-01,2024-01-10,08:03:00 AM,04:14:00 PM
919,919,2023-12-13,2024-01-05,08:03:00 AM,04:09:00 PM
920,920,2024-01-07,2023-12-01,08:07:00 AM,04:12:00 PM
921,921,2023-12-06,2023-11-16,08:01:00 AM,04:10:00 PM
922,922,2023-12-03,2023-11-25,08:08:00 AM,04:05:00 PM
923,923,2023-11-11,2024-01-10,08:08:00 AM,04:07:00 PM
924,924,2023-11-19,2023-11-29,08:08:00 AM,04:08:00 PM
925,925,2023-12-09,2023-12-23,08:02:00 AM,04:12:00 PM
926,926,2023-11-21,2023-11-30,08:05:00 AM,04:06:00 PM
927,927,2024-01-05,2023-12-16,08:04:00 AM,04:13:00 PM
928,928,2023-11-20,2023-12-19,08:04:00 AM,04:02:00 PM
929,929,2023-12-25,2023-11-13,08:08:00 AM,04:11:00 PM
930,930,2024-01-02,2023-12-24,08:01:00 AM,04:14:00 PM
931,931,2023-11-15,2023-12-28,08:09:00 AM,04:09:00 PM
932,932,2023-11-18,2023-11-30,08:07:00 AM,04:14:00 PM
933,933,2023-11-25,2024-01-08,08:02:00 AM,04:10:00 PM
934,934,2023-12-28,2024-01-08,08:00:00 AM,04:04:00 PM
935,935,2023-11-25,2023-11-26,08:03:00 AM,04:11:00 PM
936,936,2023-12-14,2023-11-21,08:10:00 AM,04:10:00 PM
937,937,2024-01-02,2024-01-02,08:10:00 AM,04:11:00 PM
938,938,2023-12-13,2024-01-10,08:02:00 AM,04:11:00 PM
939,939,2023-12-13,2023-11-21,08:03:00 AM,04:03:00 PM
940,940,2024-01-02,2023-11-25,08:06:00 AM,04:02:00 PM
941,941,2023-11-13,2023-12-03,08:06:00 AM,04:10:00 PM
942,942,2023-12-08,2023-11-25,08:00:00 AM,04:10:00 PM
943,943,2023-12-23,2023-11-20,08:09:00 AM,04:14:00 PM
944,944,2023-11-09,2023-11-23,08:07:00 AM,04:04:00 PM
945,945,2023-12-20,2023-12-17,08:10:00 AM,04:04:00 PM
946,946,2023-12-20,2024-01-06,08:06:00 AM,04:12:00 PM
947,947,2023-12-28,2023-11-27,08:03:00 AM,04:13:00 PM
948,948,2023-12-30,2023-12-11,08:09:00 AM,04:07:00 PM
949,949,2023-12-27,2023-12-27,08:03:00 AM,04:02:00 PM
950,950,2023-12-09,2023-11-23,08:00:00 AM,04:03:00 PM
951,951,2023-12-21,2023-12-27,08:04:00 AM,04:12:00 PM
952,952,2024-01-07,2023-11-19,08:04:00 AM,04:11:00 PM
953,953,2023-11-26,2023-12-05,08:02:00 AM,04:04:00 PM
954,954,2023-11-25,2023-12-03,08:02:00 AM,04:02:00 PM
955,955,2023-11-21,2024-01-02,08:00:00 AM,04:13:00 PM
956,956,2023-11-27,2024-01-09,08:01:00 AM,04:06:00 PM
957,957,2024-01-03,2023-12-03,08:05:00 AM,04:14:00 PM
958,958,2024-01-07,2023-12-24,08:10:00 AM,04:00:00 PM
959,959,2023-11-29,2024-01-01,08:06:00 AM,04:07:00 PM
960,960,2023-12-31,2023-12-30,08:08:00 AM,04:02:00 PM
961,961,2023-12-28,2023-11-30,08:05:00 AM,04:01:00 PM
962,962,2023-11-24,2023-11-17,08:03:00 AM,04:00:00 PM
963,963,2023-12-09,2023-12-07,08:06:00 AM,04:09:00 PM
964,964,2023-11-23,2023-12-20,08:10:00 AM,04:07:00 PM
965,965,2023-11-16,2023-12-24,08:07:00 AM,04:00:00 PM
966,966,2023-12-19,2023-12-20,08:09:00 AM,04:06:00 PM
967,967,2023-12-22,2024-01-09,08:08:00 AM,04:11:00 PM
968,968,2023-12-12,2023-12-16,08:06:00 AM,04:01:00 PM
969,969,2023-11-22,2023-12-07,08:06:00 AM,04:13:00 PM
970,970,2024-01-04,2023-11-15,08:10:00 AM,04:09:00 PM
971,971,2023-11-21,2023-12-21,08:00:00 AM,04:14:00 PM
972,972,2023-12-13,2023-12-26,08:00:00 AM,04:04:00 PM
973,973,2023-11-30,2024-01-01,08:05:00 AM,04:10:00 PM
974,974,2023-12-10,2023-12-14,08:10:00 AM,04:11:00 PM
975,975,2023-11-15,2023-12-04,08:09:00 AM,04:07:00 PM
976,976,2023-12-15,2023-11-30,08:04:00 AM,04:07:00 PM
977,977,2024-01-06,2023-12-23,08:08:00 AM,04:00:00 PM
978,978,2023-12-30,2023-11-26,08:00:00 AM,04:08:00 PM
979,979,2023-11-13,2024-01-01,08:06:00 AM,04:13:00 PM
980,980,2024-01-04,2023-12-17,08:04:00 AM,04:04:00 PM
981,981,2023-11-21,2023-11-21,08:09:00 AM,04:08:00 PM
982,982,2023-12-12,2023-12-09,08:00:00 AM,04:02:00 PM
983,983,2023-12-28,2023-12-21,08:01:00 AM,04:14:00 PM
984,984,2023-11-17,2023-12-19,08:10:00 AM,04:05:00 PM
985,985,2023-11-19,2023-12-01,08:03:00 AM,04:01:00 PM
986,986,2023-12-06,2023-12-01,08:04:00 AM,04:01:00 PM
987,987,2023-11-27,2023-12-08,08:02:00 AM,04:05:00 PM
988,988,2023-11-27,2023-11-26,08:10:00 AM,04:00:00 PM
989,989,2024-01-06,2023-12-02,08:04:00 AM,04:06:00 PM
990,990,2023-11-20,2023-12-06,08:05:00 AM,04:14:00 PM
991,991,2023-11-27,2023-12-22,08:09:00 AM,04:13:00 PM
992,992,2023-11-15,2023-12-07,08:08:00 AM,04:14:00 PM
993,993,2023-11-08,2023-11-23,08:03:00 AM,04:08:00 PM
994,994,2023-12-08,2023-12-17,08:09:00 AM,04:02:00 PM
995,995,2023-12-20,2023-11-26,08:06:00 AM,04:11:00 PM
996,996,2023-11-10,2023-11-30,08:00:00 AM,04:02:00 PM
997,997,2023-12-27,2023-12-17,08:06:00 AM,04:14:00 PM
998,998,2023-12-13,2023-11-28,08:07:00 AM,04:13:00 PM
999,999,2023-11-18,2023-12-09,08:07:00 AM,04:08:00 PM
1000,1000,2023-11-21,2023-12-11,08:06:00 AM,04:06:00 PM
